1	;1.85327	;1.58436	;1.56647
2	;1.85327	;1.58436	;1.56647
3	;1.57228	;1.65061	;1.04897
4	;1.57228	;1.65061	;1.04897
5	;1.57228	;1.65061	;1.04897
6	;1.57228	;1.65061	;1.04897
7	;1.61461	;1.71869	;0.988194
8	;1.61461	;1.71869	;0.988194
9	;1.61461	;1.71869	;0.988194
10	;1.61461	;1.71869	;0.988194
11	;1.61461	;1.71869	;0.988194
12	;1.61461	;1.71869	;0.988194
13	;1.62974	;1.78927	;0.90171
14	;1.62974	;1.78927	;0.90171
15	;1.62974	;1.78927	;0.90171
16	;1.55596	;1.77094	;0.840625
17	;1.55596	;1.77094	;0.840625
18	;1.55596	;1.77094	;0.840625
19	;1.55596	;1.77094	;0.840625
20	;1.4335	;1.7048	;0.820261
21	;1.4335	;1.7048	;0.820261
22	;1.4335	;1.7048	;0.820261
23	;1.4335	;1.7048	;0.820261
24	;1.4335	;1.7048	;0.820261
25	;1.4335	;1.7048	;0.820261
26	;1.4335	;1.7048	;0.820261
27	;1.4335	;1.7048	;0.820261
28	;1.38786	;1.69123	;0.804546
29	;1.38786	;1.69123	;0.804546
30	;1.38786	;1.69123	;0.804546
31	;1.38786	;1.69123	;0.804546
32	;1.38786	;1.69123	;0.804546
33	;1.38786	;1.69123	;0.804546
34	;1.38786	;1.69123	;0.804546
35	;1.38786	;1.69123	;0.804546
36	;1.38786	;1.69123	;0.804546
37	;1.38786	;1.69123	;0.804546
38	;1.38786	;1.69123	;0.804546
39	;1.38786	;1.69123	;0.804546
40	;1.38786	;1.69123	;0.804546
41	;1.38786	;1.69123	;0.804546
42	;1.38786	;1.69123	;0.804546
43	;1.38786	;1.69123	;0.804546
44	;1.38786	;1.69123	;0.804546
45	;1.38786	;1.69123	;0.804546
46	;1.38786	;1.69123	;0.804546
47	;1.38786	;1.69123	;0.804546
48	;1.38786	;1.69123	;0.804546
49	;1.38786	;1.69123	;0.804546
50	;1.38786	;1.69123	;0.804546
51	;1.38786	;1.69123	;0.804546
52	;1.38786	;1.69123	;0.804546
53	;1.38786	;1.69123	;0.804546
54	;1.38786	;1.69123	;0.804546
1	;1.53388	;1.71209	;0.905831
2	;1.53388	;1.71209	;0.905831
3	;1.53388	;1.71209	;0.905831
4	;1.53388	;1.71209	;0.905831
5	;1.53388	;1.71209	;0.905831
6	;1.53388	;1.71209	;0.905831
7	;1.53388	;1.71209	;0.905831
8	;1.53388	;1.71209	;0.905831
9	;1.53388	;1.71209	;0.905831
10	;1.53388	;1.71209	;0.905831
11	;1.53388	;1.71209	;0.905831
12	;1.53388	;1.71209	;0.905831
13	;1.53388	;1.71209	;0.905831
14	;1.53388	;1.71209	;0.905831
15	;1.53388	;1.71209	;0.905831
16	;1.53388	;1.71209	;0.905831
17	;1.53388	;1.71209	;0.905831
18	;1.53388	;1.71209	;0.905831
19	;1.53388	;1.71209	;0.905831
20	;1.53388	;1.71209	;0.905831
21	;1.53388	;1.71209	;0.905831
22	;1.53388	;1.71209	;0.905831
23	;1.53388	;1.71209	;0.905831
24	;1.46845	;1.67831	;0.894617
25	;1.46845	;1.67831	;0.894617
26	;1.46845	;1.67831	;0.894617
27	;1.46845	;1.67831	;0.894617
28	;1.46845	;1.67831	;0.894617
29	;1.46845	;1.67831	;0.894617
30	;1.46845	;1.67831	;0.894617
31	;1.46845	;1.67831	;0.894617
32	;1.46845	;1.67831	;0.894617
33	;1.46845	;1.67831	;0.894617
34	;1.46845	;1.67831	;0.894617
35	;1.46845	;1.67831	;0.894617
36	;1.47426	;1.68324	;0.892016
37	;1.43056	;1.69102	;0.839839
38	;1.43056	;1.69102	;0.839839
39	;1.43056	;1.69102	;0.839839
40	;1.43056	;1.69102	;0.839839
41	;1.40008	;1.69066	;0.815102
42	;1.40008	;1.69066	;0.815102
43	;1.40008	;1.69066	;0.815102
44	;1.40008	;1.69066	;0.815102
45	;1.40008	;1.69066	;0.815102
46	;1.40008	;1.69066	;0.815102
47	;1.46109	;1.72854	;0.807763
48	;1.46109	;1.72854	;0.807763
49	;1.46109	;1.72854	;0.807763
50	;1.46109	;1.72854	;0.807763
51	;1.46109	;1.72854	;0.807763
52	;1.46109	;1.72854	;0.807763
53	;1.46109	;1.72854	;0.807763
54	;1.46109	;1.72854	;0.807763
55	;1.46109	;1.72854	;0.807763
56	;1.46109	;1.72854	;0.807763
57	;1.46109	;1.72854	;0.807763
58	;1.42842	;1.71392	;0.801462
59	;1.42842	;1.71392	;0.801462
60	;1.42842	;1.71392	;0.801462
61	;1.42842	;1.71392	;0.801462
62	;1.42842	;1.71392	;0.801462
63	;1.42842	;1.71392	;0.801462
64	;1.42842	;1.71392	;0.801462
65	;1.42842	;1.71392	;0.801462
66	;1.42842	;1.71392	;0.801462
67	;1.42842	;1.71392	;0.801462
68	;1.42842	;1.71392	;0.801462
69	;1.42842	;1.71392	;0.801462
70	;1.42842	;1.71392	;0.801462
71	;1.42842	;1.71392	;0.801462
72	;1.42842	;1.71392	;0.801462
73	;1.42842	;1.71392	;0.801462
74	;1.42842	;1.71392	;0.801462
75	;1.42842	;1.71392	;0.801462
76	;1.42842	;1.71392	;0.801462
77	;1.42842	;1.71392	;0.801462
78	;1.42842	;1.71392	;0.801462
79	;1.42842	;1.71392	;0.801462
80	;1.42842	;1.71392	;0.801462
81	;1.42842	;1.71392	;0.801462
82	;1.42842	;1.71392	;0.801462
83	;1.42842	;1.71392	;0.801462
84	;1.42842	;1.71392	;0.801462
85	;1.42842	;1.71392	;0.801462
86	;1.39346	;1.69614	;0.80101
87	;1.39346	;1.69614	;0.80101
88	;1.39346	;1.69614	;0.80101
89	;1.39346	;1.69614	;0.80101
90	;1.39346	;1.69614	;0.80101
91	;1.39346	;1.69614	;0.80101
92	;1.39374	;1.69671	;0.800297
93	;1.39374	;1.69671	;0.800297
94	;1.39374	;1.69671	;0.800297
95	;1.39374	;1.69671	;0.800297
96	;1.3937	;1.6967	;0.800293
97	;1.3937	;1.6967	;0.800293
98	;1.39377	;1.6968	;0.800175
99	;1.39377	;1.6968	;0.800175
100	;1.39377	;1.6968	;0.800175
101	;1.39377	;1.6968	;0.800175
102	;1.39377	;1.6968	;0.800175
103	;1.39377	;1.6968	;0.800175
104	;1.39377	;1.6968	;0.800175
105	;1.39279	;1.69635	;0.800128
106	;1.39279	;1.69635	;0.800128
107	;1.39265	;1.69632	;0.800078
108	;1.39265	;1.69632	;0.800078
109	;1.39265	;1.69632	;0.800078
110	;1.39265	;1.69632	;0.800078
111	;1.39265	;1.69632	;0.800078
112	;1.39265	;1.69632	;0.800078
113	;1.39265	;1.69632	;0.800074
114	;1.39265	;1.69632	;0.800074
115	;1.39265	;1.69632	;0.800074
116	;1.39265	;1.69632	;0.800074
117	;1.39265	;1.69632	;0.800074
118	;1.39265	;1.69632	;0.800074
119	;1.39265	;1.69632	;0.80007
120	;1.39265	;1.69632	;0.80007
121	;1.39265	;1.69632	;0.800068
122	;1.39265	;1.69632	;0.800068
123	;1.39265	;1.69632	;0.800068
124	;1.39265	;1.69632	;0.800068
125	;1.39265	;1.69632	;0.800068
126	;1.39265	;1.69632	;0.800068
127	;1.39265	;1.69632	;0.800068
128	;1.39265	;1.69632	;0.800068
129	;1.39265	;1.69632	;0.800068
130	;1.39265	;1.69632	;0.800068
131	;1.39265	;1.69632	;0.800068
132	;1.39265	;1.69632	;0.800068
133	;1.39265	;1.69632	;0.800068
134	;1.39265	;1.69632	;0.800068
135	;1.39265	;1.69632	;0.800068
136	;1.39265	;1.69632	;0.800068
137	;1.39265	;1.69632	;0.800068
138	;1.39265	;1.69632	;0.800068
139	;1.39265	;1.69632	;0.800068
140	;1.39265	;1.69632	;0.800068
141	;1.39265	;1.69632	;0.800068
142	;1.39265	;1.69632	;0.800068
143	;1.39265	;1.69632	;0.800068
144	;1.39265	;1.69632	;0.800068
145	;1.39265	;1.69632	;0.800068
146	;1.39265	;1.69632	;0.800068
147	;1.39265	;1.69632	;0.800068
148	;1.39265	;1.69632	;0.800068
149	;1.39265	;1.69632	;0.800068
150	;1.39265	;1.69632	;0.800068

1	;1.66187	;1.79084	;0.940975
2	;1.65701	;1.79716	;0.92565
3	;1.60831	;1.80352	;0.855126
4	;1.53402	;1.75672	;0.837646
5	;1.51483	;1.75691	;0.817238
6	;1.51483	;1.75691	;0.817238
7	;1.5116	;1.75576	;0.815632
8	;1.47276	;1.734	;0.810265
9	;1.46066	;1.7299	;0.805265
10	;1.45015	;1.72457	;0.803927
11	;1.44579	;1.7225	;0.803233
12	;1.43802	;1.71881	;0.802119
13	;1.43802	;1.71881	;0.802119
14	;1.43584	;1.71777	;0.801844
15	;1.43584	;1.71777	;0.801844
16	;1.43549	;1.71774	;0.801575
17	;1.43549	;1.71774	;0.801575
18	;1.43549	;1.71774	;0.801575
19	;1.43549	;1.71774	;0.801575
20	;1.43549	;1.71774	;0.801575
21	;1.43549	;1.71774	;0.801575
22	;1.43549	;1.71774	;0.801575
23	;1.43549	;1.71774	;0.801575
24	;1.43549	;1.71774	;0.801575
25	;1.43549	;1.71774	;0.801575
26	;1.43549	;1.71774	;0.801575
27	;1.43549	;1.71774	;0.801575
28	;1.43549	;1.71774	;0.801575
29	;1.43549	;1.71775	;0.801575
30	;1.43544	;1.71772	;0.801574
31	;1.4354	;1.7177	;0.801569
32	;1.4354	;1.7177	;0.801567
33	;1.4354	;1.7177	;0.801567
34	;1.4354	;1.7177	;0.801567
35	;1.4354	;1.7177	;0.801567
36	;1.4354	;1.7177	;0.801567
37	;1.4354	;1.7177	;0.801567
38	;1.4354	;1.7177	;0.801567
39	;1.4354	;1.7177	;0.801567
40	;1.4354	;1.7177	;0.801567
41	;1.4354	;1.7177	;0.801567
42	;1.4354	;1.7177	;0.801567
43	;1.4354	;1.7177	;0.801567
44	;1.4354	;1.7177	;0.801567
45	;1.4354	;1.7177	;0.801567
46	;1.4354	;1.7177	;0.801567
47	;1.4354	;1.7177	;0.801567
48	;1.4354	;1.7177	;0.801567
49	;1.4354	;1.7177	;0.801567
50	;1.4354	;1.7177	;0.801567
51	;1.4354	;1.7177	;0.801567
52	;1.4354	;1.7177	;0.801567
53	;1.4354	;1.7177	;0.801567
54	;1.4354	;1.7177	;0.801567
55	;1.4354	;1.7177	;0.801567
56	;1.4354	;1.7177	;0.801567
57	;1.4354	;1.7177	;0.801567
58	;1.4354	;1.7177	;0.801567
59	;1.4354	;1.7177	;0.801567
60	;1.4354	;1.7177	;0.801567
61	;1.4354	;1.7177	;0.801567
62	;1.4354	;1.7177	;0.801567
63	;1.4354	;1.7177	;0.801567
64	;1.4354	;1.7177	;0.801567
65	;1.4354	;1.7177	;0.801567
66	;1.4354	;1.7177	;0.801567
67	;1.4354	;1.7177	;0.801567
68	;1.4354	;1.7177	;0.801567
69	;1.4354	;1.7177	;0.801567
70	;1.4354	;1.7177	;0.801567
71	;1.4354	;1.7177	;0.801567
72	;1.4354	;1.7177	;0.801567
73	;1.4354	;1.7177	;0.801567
74	;1.4354	;1.7177	;0.801567
75	;1.4354	;1.7177	;0.801567
76	;1.4354	;1.7177	;0.801567
77	;1.4354	;1.7177	;0.801567
78	;1.4354	;1.7177	;0.801567
79	;1.4354	;1.7177	;0.801567
80	;1.4354	;1.7177	;0.801567
81	;1.4354	;1.7177	;0.801567
82	;1.4354	;1.7177	;0.801567
83	;1.4354	;1.7177	;0.801567
84	;1.4354	;1.7177	;0.801567
85	;1.4354	;1.7177	;0.801567
86	;1.4354	;1.7177	;0.801567
87	;1.4354	;1.7177	;0.801567
88	;1.4354	;1.7177	;0.801567
89	;1.4354	;1.7177	;0.801567
90	;1.42178	;1.71078	;0.800771
91	;1.40881	;1.70421	;0.800407
92	;1.40008	;1.69988	;0.800247
93	;1.40008	;1.69988	;0.800247
94	;1.39889	;1.69938	;0.800104
95	;1.39889	;1.69938	;0.800104
96	;1.39888	;1.69944	;0.80001
97	;1.39888	;1.69944	;0.80001
98	;1.39889	;1.69944	;0.800008
99	;1.39887	;1.69944	;0.800002
100	;1.39887	;1.69944	;0.800002
101	;1.39887	;1.69944	;0.800002
102	;1.39887	;1.69944	;0.800002
103	;1.39887	;1.69944	;0.800002
104	;1.39887	;1.69944	;0.800002
105	;1.39887	;1.69944	;0.800002
106	;1.39887	;1.69944	;0.800002
107	;1.39887	;1.69944	;0.800002
108	;1.39887	;1.69944	;0.800002
109	;1.39887	;1.69944	;0.800002
110	;1.39887	;1.69944	;0.800002
111	;1.39887	;1.69944	;0.800002
112	;1.39887	;1.69944	;0.800002
113	;1.39887	;1.69944	;0.800002
114	;1.39887	;1.69944	;0.800002
115	;1.39887	;1.69944	;0.800002
116	;1.39887	;1.69944	;0.800002
117	;1.39887	;1.69944	;0.800002
118	;1.39887	;1.69944	;0.800002
119	;1.39887	;1.69944	;0.800002
120	;1.39887	;1.69944	;0.800002
121	;1.39887	;1.69944	;0.800002
122	;1.39887	;1.69944	;0.800002
123	;1.39887	;1.69944	;0.800002
124	;1.39887	;1.69944	;0.800002
125	;1.39887	;1.69944	;0.800002
126	;1.39887	;1.69944	;0.800002
127	;1.39887	;1.69944	;0.800002
128	;1.39887	;1.69944	;0.800002
129	;1.39887	;1.69944	;0.800002
130	;1.39887	;1.69944	;0.800002
131	;1.39887	;1.69944	;0.800002
132	;1.39887	;1.69944	;0.800002
133	;1.39887	;1.69944	;0.800002
134	;1.39887	;1.69944	;0.800002
135	;1.39887	;1.69944	;0.800002
136	;1.39887	;1.69944	;0.800002
137	;1.39887	;1.69944	;0.800002
138	;1.39887	;1.69944	;0.800002
139	;1.39887	;1.69944	;0.800002
140	;1.39887	;1.69944	;0.800002
141	;1.39887	;1.69944	;0.800002
142	;1.39887	;1.69944	;0.800002
143	;1.39887	;1.69944	;0.800002
144	;1.39887	;1.69944	;0.800002
145	;1.39887	;1.69944	;0.800002
146	;1.39887	;1.69944	;0.800002
147	;1.39887	;1.69944	;0.800002
148	;1.39887	;1.69944	;0.800002
149	;1.39887	;1.69944	;0.800002
150	;1.39887	;1.69944	;0.800002

1	;1.38467	;1.65748	;0.857805
2	;1.35349	;1.67615	;0.803682
3	;1.35349	;1.67615	;0.803682
4	;1.35349	;1.67615	;0.803682
5	;1.35349	;1.67615	;0.803682
6	;1.35349	;1.67615	;0.803682
7	;1.41784	;1.7089	;0.800431
8	;1.41784	;1.7089	;0.800431
9	;1.41784	;1.7089	;0.800431
10	;1.41784	;1.7089	;0.800431
11	;1.41784	;1.7089	;0.800431
12	;1.41784	;1.7089	;0.800431
13	;1.41784	;1.7089	;0.800431
14	;1.41784	;1.7089	;0.800431
15	;1.41784	;1.7089	;0.800431
16	;1.41784	;1.7089	;0.800431
17	;1.41784	;1.7089	;0.800431
18	;1.41784	;1.7089	;0.800431
19	;1.41784	;1.7089	;0.800431
20	;1.41784	;1.7089	;0.800431
21	;1.41784	;1.7089	;0.800431
22	;1.41784	;1.7089	;0.800431
23	;1.41784	;1.7089	;0.800431
24	;1.41784	;1.7089	;0.800431
25	;1.41784	;1.7089	;0.800431
26	;1.41784	;1.7089	;0.800431
27	;1.41784	;1.7089	;0.800431
28	;1.41784	;1.7089	;0.800431
29	;1.41784	;1.7089	;0.800431
30	;1.41784	;1.7089	;0.800431
31	;1.41784	;1.7089	;0.800431
32	;1.41784	;1.7089	;0.800431
33	;1.41784	;1.7089	;0.800431
34	;1.41784	;1.7089	;0.800431
35	;1.41784	;1.7089	;0.800431
36	;1.41784	;1.7089	;0.800431
37	;1.41784	;1.7089	;0.800431
38	;1.41784	;1.7089	;0.800431
39	;1.41784	;1.7089	;0.800431
40	;1.41784	;1.7089	;0.800431
41	;1.41784	;1.7089	;0.800431
42	;1.41784	;1.7089	;0.800431
43	;1.41784	;1.7089	;0.800431
44	;1.41784	;1.7089	;0.800431
45	;1.41784	;1.7089	;0.800431
46	;1.41784	;1.7089	;0.800431
47	;1.41784	;1.7089	;0.800431
48	;1.41784	;1.7089	;0.800431
49	;1.41784	;1.7089	;0.800431
50	;1.40739	;1.70364	;0.800158
51	;1.40739	;1.70364	;0.800158
52	;1.40739	;1.70364	;0.800158
53	;1.40739	;1.70364	;0.800158
54	;1.40739	;1.70364	;0.800158
55	;1.40739	;1.70364	;0.800158
56	;1.40739	;1.70364	;0.800158
57	;1.40739	;1.70364	;0.800158
58	;1.40739	;1.70364	;0.800158
59	;1.40739	;1.70364	;0.800158
60	;1.40739	;1.70364	;0.800158
61	;1.40739	;1.70364	;0.800158
62	;1.40739	;1.70364	;0.800158
63	;1.40739	;1.70364	;0.800158
64	;1.40739	;1.70364	;0.800158
65	;1.40739	;1.70364	;0.800158
66	;1.40739	;1.70364	;0.800158
67	;1.40739	;1.70364	;0.800158
68	;1.40739	;1.70364	;0.800158
69	;1.40739	;1.70364	;0.800158
70	;1.40739	;1.70364	;0.800158
71	;1.40739	;1.70364	;0.800158
72	;1.40739	;1.70364	;0.800158
73	;1.40739	;1.70364	;0.800158
74	;1.40739	;1.70364	;0.800158
75	;1.40739	;1.70364	;0.800158
76	;1.40739	;1.70364	;0.800158
77	;1.40739	;1.70364	;0.800158
78	;1.40739	;1.70364	;0.800158
79	;1.40739	;1.70364	;0.800158
80	;1.40739	;1.70364	;0.800158
81	;1.40739	;1.70364	;0.800158
82	;1.40739	;1.70364	;0.800158
83	;1.40739	;1.70364	;0.800158
84	;1.40739	;1.70364	;0.800158
85	;1.40739	;1.70364	;0.800158
86	;1.40739	;1.70364	;0.800158
87	;1.40739	;1.70364	;0.800158
88	;1.40739	;1.70364	;0.800158
89	;1.40739	;1.70364	;0.800158
90	;1.40739	;1.70364	;0.800158
91	;1.40739	;1.70364	;0.800158
92	;1.40739	;1.70364	;0.800158
93	;1.40739	;1.70364	;0.800158
94	;1.40739	;1.70364	;0.800158
95	;1.40739	;1.70364	;0.800158
96	;1.40739	;1.70364	;0.800158
97	;1.40739	;1.70364	;0.800158
98	;1.40739	;1.70364	;0.800158
99	;1.40739	;1.70364	;0.800158
100	;1.40739	;1.70364	;0.800158
101	;1.40739	;1.70364	;0.800158
102	;1.40739	;1.70364	;0.800158
103	;1.40739	;1.70364	;0.800158
104	;1.40739	;1.70364	;0.800158
105	;1.40739	;1.70364	;0.800158
106	;1.40739	;1.70364	;0.800158
107	;1.40739	;1.70364	;0.800158
108	;1.40739	;1.70364	;0.800158
109	;1.40739	;1.70364	;0.800158
110	;1.40739	;1.70364	;0.800158
111	;1.40739	;1.70364	;0.800158
112	;1.40739	;1.70364	;0.800158
113	;1.40739	;1.70364	;0.800158
114	;1.40739	;1.70364	;0.800158
115	;1.40739	;1.70364	;0.800158
116	;1.40739	;1.70364	;0.800158
117	;1.40739	;1.70364	;0.800158
118	;1.40739	;1.70364	;0.800158
119	;1.40739	;1.70364	;0.800158
120	;1.40739	;1.70364	;0.800158
121	;1.40739	;1.70364	;0.800158
122	;1.40739	;1.70364	;0.800158
123	;1.40739	;1.70364	;0.800158
124	;1.40739	;1.70364	;0.800158
125	;1.40739	;1.70364	;0.800158
126	;1.40739	;1.70364	;0.800158
127	;1.40739	;1.70364	;0.800158
128	;1.40739	;1.70364	;0.800158
129	;1.40739	;1.70364	;0.800158
130	;1.40739	;1.70364	;0.800158
131	;1.40739	;1.70364	;0.800158
132	;1.40739	;1.70364	;0.800158
133	;1.40739	;1.70364	;0.800158
134	;1.40739	;1.70364	;0.800158
135	;1.40739	;1.70364	;0.800158
136	;1.40739	;1.70364	;0.800158
137	;1.40739	;1.70364	;0.800158
138	;1.40739	;1.70364	;0.800158
139	;1.40739	;1.70364	;0.800158
140	;1.40739	;1.70364	;0.800158
141	;1.40739	;1.70364	;0.800158
142	;1.40739	;1.70364	;0.800158
143	;1.40739	;1.70364	;0.800158
144	;1.40739	;1.70364	;0.800158
145	;1.40739	;1.70364	;0.800158
146	;1.40739	;1.70364	;0.800158
147	;1.40739	;1.70364	;0.800158
148	;1.40739	;1.70364	;0.800158
149	;1.40739	;1.70364	;0.800158
150	;1.40739	;1.70364	;0.800158

1	;1.45648	;1.67894	;0.882517
2	;1.4024	;1.69482	;0.810244
3	;1.4024	;1.69482	;0.810244
4	;1.4024	;1.69482	;0.810244
5	;1.4024	;1.69482	;0.810244
6	;1.4024	;1.69482	;0.810244
7	;1.4024	;1.69482	;0.810244
8	;1.37475	;1.68196	;0.809625
9	;1.37475	;1.68196	;0.809625
10	;1.35223	;1.67366	;0.806901
11	;1.35223	;1.67366	;0.806901
12	;1.35038	;1.6744	;0.80438
13	;1.35038	;1.6744	;0.80438
14	;1.35038	;1.6744	;0.80438
15	;1.35038	;1.6744	;0.80438
16	;1.35038	;1.6744	;0.80438
17	;1.35038	;1.6744	;0.80438
18	;1.35038	;1.6744	;0.80438
19	;1.35038	;1.6744	;0.80438
20	;1.35038	;1.6744	;0.80438
21	;1.35038	;1.6744	;0.80438
22	;1.35038	;1.6744	;0.80438
23	;1.35038	;1.6744	;0.80438
24	;1.35038	;1.6744	;0.80438
25	;1.35038	;1.6744	;0.80438
26	;1.35038	;1.6744	;0.80438
27	;1.35038	;1.6744	;0.80438
28	;1.35038	;1.6744	;0.80438
29	;1.35038	;1.6744	;0.80438
30	;1.35038	;1.6744	;0.80438
31	;1.35038	;1.6744	;0.80438
32	;1.35038	;1.6744	;0.80438
33	;1.35038	;1.6744	;0.80438
34	;1.35038	;1.6744	;0.80438
35	;1.39653	;1.6956	;0.804293
36	;1.39653	;1.6956	;0.804293
37	;1.39653	;1.6956	;0.804293
38	;1.39653	;1.6956	;0.804293
39	;1.39805	;1.69837	;0.801048
40	;1.39805	;1.69837	;0.801048
41	;1.39805	;1.69837	;0.801048
42	;1.39805	;1.69837	;0.801048
43	;1.39805	;1.69837	;0.801048
44	;1.39805	;1.69837	;0.801048
45	;1.40502	;1.70217	;0.800572
46	;1.40502	;1.70217	;0.800572
47	;1.40502	;1.70217	;0.800572
48	;1.40502	;1.70217	;0.800572
49	;1.40502	;1.70217	;0.800572
50	;1.40502	;1.70217	;0.800572
51	;1.40502	;1.70217	;0.800572
52	;1.40502	;1.70217	;0.800572
53	;1.40502	;1.70217	;0.800572
54	;1.40502	;1.70217	;0.800572
55	;1.40502	;1.70217	;0.800572
56	;1.40502	;1.70217	;0.800572
57	;1.40502	;1.70217	;0.800572
58	;1.40502	;1.70217	;0.800572
59	;1.40502	;1.70217	;0.800572
60	;1.40502	;1.70217	;0.800572
61	;1.40502	;1.70217	;0.800572
62	;1.40502	;1.70217	;0.800572
63	;1.40502	;1.70217	;0.800572
64	;1.40502	;1.70217	;0.800572
65	;1.40502	;1.70217	;0.800572
66	;1.40502	;1.70217	;0.800572
67	;1.40502	;1.70217	;0.800572
68	;1.40502	;1.70217	;0.800572
69	;1.40502	;1.70217	;0.800572
70	;1.40502	;1.70217	;0.800572
71	;1.40502	;1.70217	;0.800572
72	;1.40502	;1.70217	;0.800572
73	;1.40502	;1.70217	;0.800572
74	;1.40502	;1.70217	;0.800572
75	;1.40502	;1.70217	;0.800572
76	;1.40502	;1.70217	;0.800572
77	;1.40502	;1.70217	;0.800572
78	;1.40502	;1.70217	;0.800572
79	;1.40502	;1.70217	;0.800572
80	;1.40502	;1.70217	;0.800572
81	;1.40502	;1.70217	;0.800572
82	;1.40502	;1.70217	;0.800572
83	;1.40502	;1.70217	;0.800572
84	;1.40502	;1.70217	;0.800572
85	;1.40502	;1.70217	;0.800572
86	;1.40502	;1.70217	;0.800572
87	;1.40502	;1.70217	;0.800572
88	;1.40502	;1.70217	;0.800572
89	;1.40502	;1.70217	;0.800572
90	;1.40502	;1.70217	;0.800572
91	;1.40502	;1.70217	;0.800572
92	;1.40502	;1.70217	;0.800572
93	;1.40502	;1.70217	;0.800572
94	;1.40502	;1.70217	;0.800572
95	;1.40502	;1.70217	;0.800572
96	;1.40502	;1.70217	;0.800572
97	;1.40502	;1.70217	;0.800572
98	;1.40502	;1.70217	;0.800572
99	;1.40502	;1.70217	;0.800572
100	;1.40502	;1.70217	;0.800572
101	;1.40502	;1.70217	;0.800572
102	;1.40502	;1.70217	;0.800572
103	;1.40502	;1.70217	;0.800572
104	;1.40502	;1.70217	;0.800572
105	;1.40502	;1.70217	;0.800572
106	;1.40502	;1.70217	;0.800572
107	;1.40502	;1.70217	;0.800572
108	;1.40502	;1.70217	;0.800572
109	;1.40502	;1.70217	;0.800572
110	;1.40502	;1.70217	;0.800572
111	;1.40502	;1.70217	;0.800572
112	;1.40502	;1.70217	;0.800572
113	;1.40502	;1.70217	;0.800572
114	;1.40502	;1.70217	;0.800572
115	;1.40502	;1.70217	;0.800572
116	;1.40502	;1.70217	;0.800572
117	;1.40502	;1.70217	;0.800572
118	;1.40502	;1.70217	;0.800572
119	;1.40502	;1.70217	;0.800572
120	;1.40502	;1.70217	;0.800572
121	;1.40502	;1.70217	;0.800572
122	;1.40502	;1.70217	;0.800572
123	;1.40502	;1.70217	;0.800572
124	;1.40502	;1.70217	;0.800572
125	;1.40502	;1.70217	;0.800572
126	;1.40502	;1.70217	;0.800572
127	;1.40502	;1.70217	;0.800572
128	;1.40502	;1.70217	;0.800572
129	;1.40502	;1.70217	;0.800572
130	;1.40502	;1.70217	;0.800572
131	;1.40502	;1.70217	;0.800572
132	;1.40502	;1.70217	;0.800572
133	;1.40502	;1.70217	;0.800572
134	;1.40502	;1.70217	;0.800572
135	;1.40502	;1.70217	;0.800572
136	;1.40502	;1.70217	;0.800572
137	;1.40502	;1.70217	;0.800572
138	;1.40622	;1.7031	;0.800069
139	;1.40622	;1.7031	;0.800069
140	;1.40622	;1.7031	;0.800069
141	;1.40622	;1.7031	;0.800069
142	;1.40622	;1.7031	;0.800069
143	;1.40622	;1.7031	;0.800069
144	;1.40622	;1.7031	;0.800069
145	;1.40622	;1.7031	;0.800069
146	;1.40622	;1.7031	;0.800069
147	;1.40622	;1.7031	;0.800069
148	;1.40622	;1.7031	;0.800069
149	;1.40622	;1.7031	;0.800069
150	;1.40622	;1.7031	;0.800069

1	;1.70251	;1.79718	;0.987479
2	;1.47544	;1.71059	;0.849204
3	;1.35317	;1.65687	;0.835598
4	;1.48454	;1.73818	;0.815143
5	;1.41619	;1.70471	;0.805708
6	;1.42656	;1.71182	;0.803188
7	;1.42656	;1.71182	;0.803188
8	;1.42656	;1.71182	;0.803188
9	;1.42656	;1.71182	;0.803188
10	;1.42656	;1.71182	;0.803188
11	;1.42656	;1.71182	;0.803188
12	;1.42656	;1.71182	;0.803188
13	;1.42632	;1.71284	;0.801373
14	;1.40523	;1.70235	;0.800455
15	;1.40523	;1.70235	;0.800455
16	;1.4104	;1.70509	;0.800301
17	;1.4104	;1.70509	;0.800301
18	;1.4104	;1.70509	;0.800301
19	;1.4104	;1.70509	;0.800301
20	;1.4104	;1.70509	;0.800301
21	;1.4104	;1.70509	;0.800301
22	;1.4104	;1.70509	;0.800301
23	;1.4104	;1.70509	;0.800301
24	;1.4104	;1.70509	;0.800301
25	;1.4104	;1.70509	;0.800301
26	;1.4104	;1.70509	;0.800301
27	;1.4104	;1.70509	;0.800301
28	;1.4104	;1.70509	;0.800301
29	;1.4104	;1.70509	;0.800301
30	;1.4104	;1.70509	;0.800301
31	;1.4104	;1.70509	;0.800301
32	;1.4104	;1.70509	;0.800301
33	;1.4104	;1.70509	;0.800301
34	;1.4104	;1.70509	;0.800301
35	;1.4104	;1.70509	;0.800301
36	;1.4104	;1.70509	;0.800301
37	;1.4104	;1.70509	;0.800301
38	;1.4104	;1.70509	;0.800301
39	;1.4104	;1.70509	;0.800301
40	;1.4104	;1.70509	;0.800301
41	;1.4104	;1.70509	;0.800301
42	;1.4104	;1.70509	;0.800301
43	;1.4104	;1.70509	;0.800301
44	;1.4104	;1.70509	;0.800301
45	;1.4104	;1.70509	;0.800301
46	;1.4104	;1.70509	;0.800301
47	;1.4104	;1.70509	;0.800301
48	;1.4104	;1.70509	;0.800301
49	;1.4104	;1.70509	;0.800301
50	;1.4104	;1.70509	;0.800301
51	;1.4104	;1.70509	;0.800301
52	;1.4104	;1.70509	;0.800301
53	;1.4104	;1.70509	;0.800301
54	;1.4104	;1.70509	;0.800301
55	;1.4104	;1.70509	;0.800301
56	;1.4104	;1.70509	;0.800301
57	;1.4104	;1.70509	;0.800301
58	;1.4104	;1.70509	;0.800301
59	;1.4104	;1.70509	;0.800301
60	;1.4104	;1.70509	;0.800301
61	;1.4104	;1.70509	;0.800301
62	;1.4104	;1.70509	;0.800301
63	;1.4104	;1.70509	;0.800301
64	;1.4104	;1.70509	;0.800301
65	;1.4104	;1.70509	;0.800301
66	;1.4104	;1.70509	;0.800301
67	;1.4104	;1.70509	;0.800301
68	;1.4104	;1.70509	;0.800301
69	;1.4104	;1.70509	;0.800301
70	;1.4104	;1.70509	;0.800301
71	;1.4104	;1.70509	;0.800301
72	;1.4104	;1.70509	;0.800301
73	;1.4104	;1.70509	;0.800301
74	;1.4104	;1.70509	;0.800301
75	;1.4104	;1.70509	;0.800301
76	;1.4104	;1.70509	;0.800301
77	;1.4104	;1.70509	;0.800301
78	;1.4104	;1.70509	;0.800301
79	;1.4104	;1.70509	;0.800301
80	;1.4104	;1.70509	;0.800301
81	;1.4104	;1.70509	;0.800301
82	;1.4104	;1.70509	;0.800301
83	;1.4104	;1.70509	;0.800301
84	;1.4104	;1.70509	;0.800301
85	;1.4104	;1.70509	;0.800301
86	;1.4104	;1.70509	;0.800301
87	;1.4104	;1.70509	;0.800301
88	;1.4104	;1.70509	;0.800301
89	;1.4104	;1.70509	;0.800301
90	;1.40955	;1.70474	;0.800174
91	;1.40955	;1.70474	;0.800174
92	;1.40955	;1.70474	;0.800174
93	;1.40955	;1.70474	;0.800174
94	;1.40955	;1.70474	;0.800174
95	;1.40955	;1.70474	;0.800174
96	;1.40955	;1.70474	;0.800174
97	;1.40955	;1.70474	;0.800174
98	;1.40955	;1.70474	;0.800174
99	;1.40955	;1.70474	;0.800174
100	;1.40955	;1.70474	;0.800174
101	;1.40955	;1.70474	;0.800174
102	;1.40955	;1.70474	;0.800174
103	;1.40955	;1.70474	;0.800174
104	;1.40955	;1.70474	;0.800174
105	;1.40955	;1.70474	;0.800174
106	;1.40955	;1.70474	;0.800174
107	;1.40955	;1.70474	;0.800174
108	;1.40955	;1.70474	;0.800174
109	;1.40955	;1.70474	;0.800174
110	;1.40955	;1.70474	;0.800174
111	;1.40955	;1.70474	;0.800174
112	;1.40955	;1.70474	;0.800174
113	;1.40955	;1.70474	;0.800174
114	;1.40955	;1.70474	;0.800174
115	;1.40955	;1.70474	;0.800174
116	;1.40955	;1.70474	;0.800174
117	;1.40955	;1.70474	;0.800174
118	;1.40955	;1.70474	;0.800174
119	;1.40955	;1.70474	;0.800174
120	;1.40955	;1.70474	;0.800174
121	;1.40955	;1.70474	;0.800174
122	;1.40955	;1.70474	;0.800174
123	;1.40955	;1.70474	;0.800174
124	;1.40955	;1.70474	;0.800174
125	;1.40955	;1.70474	;0.800174
126	;1.40955	;1.70474	;0.800174
127	;1.40955	;1.70474	;0.800174
128	;1.40955	;1.70474	;0.800174
129	;1.40955	;1.70474	;0.800174
130	;1.40955	;1.70474	;0.800174
131	;1.40955	;1.70474	;0.800174
132	;1.40955	;1.70474	;0.800174
133	;1.40955	;1.70474	;0.800174
134	;1.40955	;1.70474	;0.800174
135	;1.40955	;1.70474	;0.800174
136	;1.40955	;1.70474	;0.800174
137	;1.40955	;1.70474	;0.800174
138	;1.40955	;1.70474	;0.800174
139	;1.40955	;1.70474	;0.800174
140	;1.40955	;1.70474	;0.800174
141	;1.40955	;1.70474	;0.800174
142	;1.40955	;1.70474	;0.800174
143	;1.40955	;1.70474	;0.800174
144	;1.40955	;1.70474	;0.800174
145	;1.40955	;1.70474	;0.800174
146	;1.40955	;1.70474	;0.800174
147	;1.40955	;1.70474	;0.800174
148	;1.40955	;1.70474	;0.800174
149	;1.40955	;1.70474	;0.800174
150	;1.40955	;1.70474	;0.800174

1	;1.57682	;1.62156	;1.10439
2	;1.70189	;1.84733	;0.918624
3	;1.23886	;1.6018	;0.863821
4	;1.24539	;1.60684	;0.857959
5	;1.20372	;1.60162	;0.848595
6	;1.20372	;1.60162	;0.848595
7	;1.20372	;1.60162	;0.848595
8	;1.50614	;1.75283	;0.814443
9	;1.50614	;1.75283	;0.814443
10	;1.50614	;1.75283	;0.814443
11	;1.50614	;1.75283	;0.814443
12	;1.32387	;1.66112	;0.808616
13	;1.32387	;1.66112	;0.808616
14	;1.36147	;1.67935	;0.804132
15	;1.36147	;1.67935	;0.804132
16	;1.36224	;1.68015	;0.803375
17	;1.36224	;1.68015	;0.803375
18	;1.36224	;1.68015	;0.803375
19	;1.36224	;1.68015	;0.803375
20	;1.36224	;1.68015	;0.803375
21	;1.36224	;1.68015	;0.803375
22	;1.36224	;1.68015	;0.803375
23	;1.36224	;1.68015	;0.803375
24	;1.36224	;1.68015	;0.803375
25	;1.36224	;1.68015	;0.803375
26	;1.36224	;1.68015	;0.803375
27	;1.36224	;1.68015	;0.803375
28	;1.36224	;1.68015	;0.803375
29	;1.36224	;1.68015	;0.803375
30	;1.36224	;1.68015	;0.803375
31	;1.36224	;1.68015	;0.803375
32	;1.36224	;1.68015	;0.803375
33	;1.36224	;1.68015	;0.803375
34	;1.36224	;1.68015	;0.803375
35	;1.36224	;1.68015	;0.803375
36	;1.36224	;1.68015	;0.803375
37	;1.4043	;1.70112	;0.801667
38	;1.4043	;1.70112	;0.801667
39	;1.4043	;1.70112	;0.801667
40	;1.4043	;1.70112	;0.801667
41	;1.4043	;1.70112	;0.801667
42	;1.4012	;1.7003	;0.800487
43	;1.4012	;1.7003	;0.800487
44	;1.4012	;1.7003	;0.800487
45	;1.4012	;1.7003	;0.800487
46	;1.4012	;1.7003	;0.800487
47	;1.4012	;1.7003	;0.800487
48	;1.4012	;1.7003	;0.800487
49	;1.4012	;1.7003	;0.800487
50	;1.4012	;1.7003	;0.800487
51	;1.4012	;1.7003	;0.800487
52	;1.4012	;1.7003	;0.800487
53	;1.4012	;1.7003	;0.800487
54	;1.4012	;1.7003	;0.800487
55	;1.4012	;1.7003	;0.800487
56	;1.4012	;1.7003	;0.800487
57	;1.4012	;1.7003	;0.800487
58	;1.4012	;1.7003	;0.800487
59	;1.4012	;1.7003	;0.800487
60	;1.4012	;1.7003	;0.800487
61	;1.4012	;1.7003	;0.800487
62	;1.4012	;1.7003	;0.800487
63	;1.4012	;1.7003	;0.800487
64	;1.4012	;1.7003	;0.800487
65	;1.4012	;1.7003	;0.800487
66	;1.4012	;1.7003	;0.800487
67	;1.4012	;1.7003	;0.800487
68	;1.4012	;1.7003	;0.800487
69	;1.4012	;1.7003	;0.800487
70	;1.4012	;1.7003	;0.800487
71	;1.4012	;1.7003	;0.800487
72	;1.4012	;1.7003	;0.800487
73	;1.4012	;1.7003	;0.800487
74	;1.4012	;1.7003	;0.800487
75	;1.4012	;1.7003	;0.800487
76	;1.4012	;1.7003	;0.800487
77	;1.4012	;1.7003	;0.800487
78	;1.4012	;1.7003	;0.800487
79	;1.4012	;1.7003	;0.800487
80	;1.4012	;1.7003	;0.800487
81	;1.4012	;1.7003	;0.800487
82	;1.4012	;1.7003	;0.800487
83	;1.4012	;1.7003	;0.800487
84	;1.4012	;1.7003	;0.800487
85	;1.4012	;1.7003	;0.800487
86	;1.4012	;1.7003	;0.800487
87	;1.4012	;1.7003	;0.800487
88	;1.4012	;1.7003	;0.800487
89	;1.4012	;1.7003	;0.800487
90	;1.4012	;1.7003	;0.800487
91	;1.4012	;1.7003	;0.800487
92	;1.4012	;1.7003	;0.800487
93	;1.4012	;1.7003	;0.800487
94	;1.4012	;1.7003	;0.800487
95	;1.4012	;1.7003	;0.800487
96	;1.40631	;1.70293	;0.800406
97	;1.40631	;1.70293	;0.800406
98	;1.40631	;1.70293	;0.800406
99	;1.40631	;1.70293	;0.800406
100	;1.40631	;1.70293	;0.800406
101	;1.40631	;1.70293	;0.800406
102	;1.40631	;1.70293	;0.800406
103	;1.40631	;1.70293	;0.800406
104	;1.40631	;1.70293	;0.800406
105	;1.40631	;1.70293	;0.800406
106	;1.40631	;1.70293	;0.800406
107	;1.40631	;1.70293	;0.800406
108	;1.40631	;1.70293	;0.800406
109	;1.40631	;1.70293	;0.800406
110	;1.40631	;1.70293	;0.800406
111	;1.40631	;1.70293	;0.800406
112	;1.40631	;1.70293	;0.800406
113	;1.40631	;1.70293	;0.800406
114	;1.40631	;1.70293	;0.800406
115	;1.40631	;1.70293	;0.800406
116	;1.40631	;1.70293	;0.800406
117	;1.40631	;1.70293	;0.800406
118	;1.40631	;1.70293	;0.800406
119	;1.40631	;1.70293	;0.800406
120	;1.40631	;1.70293	;0.800406
121	;1.40631	;1.70293	;0.800406
122	;1.40631	;1.70293	;0.800406
123	;1.40631	;1.70293	;0.800406
124	;1.40631	;1.70293	;0.800406
125	;1.40631	;1.70293	;0.800406
126	;1.40631	;1.70293	;0.800406
127	;1.40631	;1.70293	;0.800406
128	;1.40631	;1.70293	;0.800406
129	;1.40631	;1.70293	;0.800406
130	;1.40631	;1.70293	;0.800406
131	;1.40631	;1.70293	;0.800406
132	;1.40631	;1.70293	;0.800406
133	;1.40631	;1.70293	;0.800406
134	;1.40631	;1.70293	;0.800406
135	;1.40631	;1.70293	;0.800406
136	;1.40631	;1.70293	;0.800406
137	;1.40631	;1.70293	;0.800406
138	;1.40631	;1.70293	;0.800406
139	;1.40631	;1.70293	;0.800406
140	;1.40631	;1.70293	;0.800406
141	;1.40631	;1.70293	;0.800406
142	;1.40631	;1.70293	;0.800406
143	;1.40631	;1.70293	;0.800406
144	;1.40871	;1.70416	;0.800402
145	;1.40871	;1.70416	;0.800402
146	;1.40871	;1.70416	;0.800402
147	;1.40871	;1.70416	;0.800402
148	;1.40871	;1.70416	;0.800402
149	;1.40871	;1.70416	;0.800402
150	;1.40871	;1.70416	;0.800402

1	;1.39373	;1.61329	;0.941283
2	;1.40308	;1.68167	;0.832132
3	;1.3365	;1.65965	;0.81941
4	;1.40568	;1.70174	;0.801791
5	;1.40568	;1.70174	;0.801791
6	;1.40568	;1.70174	;0.801791
7	;1.40568	;1.70174	;0.801791
8	;1.40568	;1.70174	;0.801791
9	;1.40466	;1.70151	;0.801344
10	;1.40466	;1.70151	;0.801344
11	;1.40466	;1.70151	;0.801344
12	;1.40487	;1.70161	;0.801338
13	;1.40487	;1.70161	;0.801338
14	;1.40487	;1.70161	;0.801338
15	;1.40487	;1.70161	;0.801338
16	;1.40487	;1.70161	;0.801338
17	;1.40487	;1.70161	;0.801338
18	;1.40487	;1.70161	;0.801338
19	;1.40545	;1.70216	;0.800946
20	;1.40545	;1.70216	;0.800946
21	;1.40545	;1.70216	;0.800946
22	;1.40539	;1.70233	;0.800618
23	;1.40539	;1.70233	;0.800618
24	;1.40564	;1.70267	;0.800277
25	;1.40564	;1.70267	;0.800277
26	;1.40564	;1.70267	;0.800277
27	;1.40564	;1.70267	;0.800277
28	;1.40564	;1.70267	;0.800277
29	;1.40564	;1.70267	;0.800277
30	;1.40564	;1.70267	;0.800277
31	;1.40564	;1.70267	;0.800277
32	;1.40564	;1.70267	;0.800277
33	;1.40564	;1.70267	;0.800277
34	;1.40564	;1.70267	;0.800277
35	;1.40564	;1.70267	;0.800277
36	;1.40564	;1.70267	;0.800277
37	;1.40564	;1.70267	;0.800277
38	;1.40564	;1.70267	;0.800277
39	;1.40937	;1.70463	;0.800199
40	;1.40937	;1.70463	;0.800199
41	;1.40937	;1.70463	;0.800199
42	;1.40937	;1.70463	;0.800199
43	;1.40937	;1.70463	;0.800199
44	;1.40937	;1.70463	;0.800199
45	;1.40937	;1.70463	;0.800199
46	;1.40937	;1.70463	;0.800199
47	;1.40937	;1.70463	;0.800199
48	;1.40937	;1.70463	;0.800199
49	;1.40937	;1.70463	;0.800199
50	;1.40937	;1.70463	;0.800199
51	;1.40937	;1.70463	;0.800199
52	;1.40937	;1.70463	;0.800199
53	;1.40937	;1.70463	;0.800199
54	;1.40937	;1.70463	;0.800199
55	;1.40937	;1.70463	;0.800199
56	;1.40937	;1.70463	;0.800199
57	;1.40937	;1.70463	;0.800199
58	;1.40937	;1.70463	;0.800199
59	;1.40937	;1.70463	;0.800199
60	;1.40937	;1.70463	;0.800199
61	;1.40937	;1.70463	;0.800199
62	;1.40937	;1.70463	;0.800199
63	;1.40937	;1.70463	;0.800199
64	;1.40937	;1.70463	;0.800199
65	;1.40937	;1.70463	;0.800199
66	;1.40937	;1.70463	;0.800199
67	;1.40937	;1.70463	;0.800199
68	;1.40937	;1.70463	;0.800199
69	;1.40937	;1.70463	;0.800199
70	;1.40937	;1.70463	;0.800199
71	;1.40937	;1.70463	;0.800199
72	;1.40937	;1.70463	;0.800199
73	;1.40937	;1.70463	;0.800199
74	;1.40937	;1.70463	;0.800199
75	;1.40937	;1.70463	;0.800199
76	;1.40937	;1.70463	;0.800199
77	;1.40937	;1.70463	;0.800199
78	;1.40937	;1.70463	;0.800199
79	;1.40937	;1.70463	;0.800199
80	;1.40937	;1.70463	;0.800199
81	;1.40937	;1.70463	;0.800199
82	;1.40937	;1.70463	;0.800199
83	;1.40937	;1.70463	;0.800199
84	;1.40937	;1.70463	;0.800199
85	;1.40937	;1.70463	;0.800199
86	;1.40937	;1.70463	;0.800199
87	;1.40937	;1.70463	;0.800199
88	;1.40937	;1.70463	;0.800199
89	;1.40937	;1.70463	;0.800199
90	;1.40937	;1.70463	;0.800199
91	;1.40937	;1.70463	;0.800199
92	;1.40937	;1.70463	;0.800199
93	;1.40937	;1.70463	;0.800199
94	;1.40937	;1.70463	;0.800199
95	;1.40937	;1.70463	;0.800199
96	;1.40937	;1.70463	;0.800199
97	;1.40937	;1.70463	;0.800199
98	;1.40937	;1.70463	;0.800199
99	;1.40937	;1.70463	;0.800199
100	;1.40937	;1.70463	;0.800199
101	;1.40937	;1.70463	;0.800199
102	;1.40937	;1.70463	;0.800199
103	;1.40937	;1.70463	;0.800199
104	;1.40937	;1.70463	;0.800199
105	;1.40937	;1.70463	;0.800199
106	;1.40937	;1.70463	;0.800199
107	;1.40937	;1.70463	;0.800199
108	;1.40937	;1.70463	;0.800199
109	;1.40937	;1.70463	;0.800199
110	;1.40937	;1.70463	;0.800199
111	;1.40937	;1.70463	;0.800199
112	;1.40937	;1.70463	;0.800199
113	;1.40937	;1.70463	;0.800199
114	;1.40937	;1.70463	;0.800199
115	;1.40937	;1.70463	;0.800199
116	;1.40937	;1.70463	;0.800199
117	;1.40937	;1.70463	;0.800199
118	;1.40937	;1.70463	;0.800199
119	;1.40937	;1.70463	;0.800199
120	;1.40937	;1.70463	;0.800199
121	;1.40937	;1.70463	;0.800199
122	;1.40937	;1.70463	;0.800199
123	;1.40937	;1.70463	;0.800199
124	;1.40937	;1.70463	;0.800199
125	;1.40937	;1.70463	;0.800199
126	;1.40937	;1.70463	;0.800199
127	;1.40937	;1.70463	;0.800199
128	;1.40937	;1.70463	;0.800199
129	;1.40937	;1.70463	;0.800199
130	;1.40937	;1.70463	;0.800199
131	;1.40937	;1.70463	;0.800199
132	;1.39426	;1.69708	;0.800125
133	;1.39426	;1.69708	;0.800125
134	;1.39426	;1.69708	;0.800125
135	;1.39426	;1.69708	;0.800125
136	;1.39426	;1.69708	;0.800125
137	;1.39426	;1.69708	;0.800125
138	;1.39426	;1.69708	;0.800125
139	;1.39426	;1.69708	;0.800125
140	;1.39426	;1.69708	;0.800125
141	;1.39426	;1.69708	;0.800125
142	;1.39426	;1.69708	;0.800125
143	;1.39426	;1.69708	;0.800125
144	;1.39426	;1.69708	;0.800125
145	;1.39426	;1.69708	;0.800125
146	;1.39426	;1.69708	;0.800125
147	;1.39426	;1.69708	;0.800125
148	;1.39426	;1.69708	;0.800125
149	;1.39426	;1.69708	;0.800125
150	;1.39426	;1.69708	;0.800125

1	;0.95496	;1.41317	;1.18323
2	;0.992874	;1.48269	;1.03497
3	;1.50796	;1.72719	;0.855252
4	;1.46153	;1.71347	;0.831649
5	;1.46601	;1.73078	;0.808866
6	;1.46601	;1.73078	;0.808866
7	;1.46601	;1.73078	;0.808866
8	;1.46601	;1.73078	;0.808866
9	;1.41062	;1.70129	;0.806539
10	;1.39372	;1.69395	;0.804738
11	;1.39372	;1.69395	;0.804738
12	;1.39372	;1.69395	;0.804738
13	;1.39372	;1.69395	;0.804738
14	;1.3861	;1.69294	;0.800416
15	;1.3861	;1.69294	;0.800416
16	;1.3861	;1.69294	;0.800416
17	;1.3861	;1.69294	;0.800416
18	;1.3861	;1.69294	;0.800416
19	;1.39126	;1.69547	;0.800351
20	;1.39126	;1.69547	;0.800351
21	;1.39126	;1.69547	;0.800351
22	;1.3921	;1.69592	;0.800288
23	;1.3921	;1.69592	;0.800288
24	;1.3921	;1.69592	;0.800288
25	;1.3921	;1.69592	;0.800288
26	;1.3921	;1.69592	;0.800288
27	;1.3921	;1.69592	;0.800288
28	;1.39254	;1.69613	;0.800288
29	;1.39254	;1.69613	;0.800288
30	;1.39254	;1.69613	;0.800288
31	;1.39223	;1.69608	;0.800132
32	;1.39223	;1.69608	;0.800132
33	;1.39223	;1.69608	;0.800132
34	;1.39223	;1.69608	;0.800132
35	;1.39223	;1.69608	;0.800132
36	;1.39223	;1.69608	;0.800132
37	;1.39223	;1.69608	;0.800132
38	;1.39223	;1.69608	;0.800132
39	;1.39223	;1.69608	;0.800132
40	;1.39223	;1.69608	;0.800132
41	;1.39233	;1.69614	;0.800113
42	;1.39233	;1.69614	;0.800113
43	;1.39264	;1.69629	;0.800111
44	;1.39264	;1.69629	;0.800111
45	;1.39264	;1.69629	;0.800111
46	;1.39264	;1.69629	;0.800111
47	;1.39264	;1.69629	;0.800111
48	;1.39264	;1.69629	;0.800111
49	;1.39264	;1.69629	;0.800111
50	;1.39264	;1.69629	;0.800111
51	;1.39264	;1.69629	;0.800111
52	;1.39264	;1.69629	;0.800111
53	;1.39264	;1.69629	;0.800111
54	;1.39264	;1.69629	;0.800111
55	;1.39264	;1.69629	;0.800111
56	;1.39264	;1.69629	;0.800111
57	;1.39264	;1.69629	;0.800111
58	;1.39264	;1.69629	;0.800111
59	;1.39264	;1.69629	;0.800111
60	;1.39264	;1.69629	;0.800111
61	;1.39264	;1.69629	;0.800111
62	;1.39264	;1.69629	;0.800111
63	;1.39264	;1.69629	;0.800111
64	;1.39264	;1.69629	;0.800111
65	;1.39264	;1.69629	;0.800111
66	;1.39264	;1.69629	;0.800111
67	;1.39264	;1.69629	;0.800111
68	;1.39264	;1.69629	;0.800111
69	;1.39264	;1.69629	;0.800111
70	;1.39264	;1.69629	;0.800111
71	;1.39264	;1.69629	;0.800111
72	;1.39264	;1.69629	;0.800111
73	;1.39264	;1.69629	;0.800111
74	;1.39264	;1.69629	;0.800111
75	;1.39264	;1.69629	;0.800111
76	;1.39264	;1.69629	;0.800111
77	;1.39264	;1.69629	;0.800111
78	;1.39264	;1.69629	;0.800111
79	;1.39264	;1.69629	;0.800111
80	;1.39264	;1.69629	;0.800111
81	;1.39264	;1.69629	;0.800111
82	;1.39264	;1.69629	;0.800111
83	;1.39264	;1.69629	;0.800111
84	;1.39264	;1.69629	;0.800111
85	;1.39264	;1.69629	;0.800111
86	;1.39291	;1.69645	;0.800069
87	;1.39291	;1.69645	;0.800069
88	;1.39291	;1.69645	;0.800069
89	;1.39291	;1.69645	;0.800069
90	;1.39291	;1.69645	;0.800069
91	;1.39291	;1.69645	;0.800069
92	;1.39291	;1.69645	;0.800069
93	;1.39291	;1.69645	;0.800069
94	;1.39291	;1.69645	;0.800069
95	;1.39291	;1.69645	;0.800069
96	;1.39291	;1.69645	;0.800069
97	;1.39291	;1.69645	;0.800069
98	;1.39291	;1.69645	;0.800069
99	;1.39291	;1.69645	;0.800069
100	;1.39291	;1.69645	;0.800069
101	;1.39291	;1.69645	;0.800069
102	;1.39291	;1.69645	;0.800069
103	;1.39291	;1.69645	;0.800069
104	;1.39291	;1.69645	;0.800069
105	;1.39291	;1.69645	;0.800069
106	;1.39291	;1.69645	;0.800069
107	;1.39291	;1.69645	;0.800069
108	;1.39291	;1.69645	;0.800069
109	;1.39291	;1.69645	;0.800069
110	;1.39291	;1.69645	;0.800069
111	;1.39291	;1.69645	;0.800069
112	;1.39291	;1.69645	;0.800069
113	;1.39291	;1.69645	;0.800069
114	;1.39291	;1.69645	;0.800069
115	;1.39291	;1.69645	;0.800069
116	;1.39291	;1.69645	;0.800069
117	;1.39291	;1.69645	;0.800069
118	;1.39291	;1.69645	;0.800069
119	;1.39291	;1.69645	;0.800069
120	;1.39291	;1.69645	;0.800069
121	;1.39291	;1.69645	;0.800069
122	;1.39291	;1.69645	;0.800069
123	;1.39291	;1.69645	;0.800069
124	;1.39291	;1.69645	;0.800069
125	;1.39291	;1.69645	;0.800069
126	;1.39291	;1.69645	;0.800069
127	;1.39291	;1.69645	;0.800069
128	;1.39291	;1.69645	;0.800069
129	;1.39291	;1.69645	;0.800069
130	;1.39291	;1.69645	;0.800069
131	;1.39291	;1.69645	;0.800069
132	;1.39291	;1.69645	;0.800069
133	;1.39291	;1.69645	;0.800069
134	;1.39291	;1.69645	;0.800069
135	;1.39291	;1.69645	;0.800069
136	;1.39291	;1.69645	;0.800069
137	;1.39291	;1.69645	;0.800069
138	;1.39291	;1.69645	;0.800069
139	;1.39291	;1.69645	;0.800069
140	;1.39291	;1.69645	;0.800069
141	;1.39291	;1.69645	;0.800069
142	;1.39291	;1.69645	;0.800069
143	;1.39291	;1.69645	;0.800069
144	;1.39291	;1.69645	;0.800069
145	;1.39291	;1.69645	;0.800069
146	;1.39291	;1.69645	;0.800069
147	;1.39291	;1.69645	;0.800069
148	;1.39291	;1.69645	;0.800069
149	;1.39291	;1.69645	;0.800069
150	;1.39291	;1.69645	;0.800069

1	;1.5864	;1.5932	;1.16616
2	;1.34947	;1.62764	;0.883145
3	;1.32098	;1.64417	;0.835476
4	;1.40396	;1.70067	;0.802107
5	;1.41121	;1.70551	;0.800311
6	;1.41121	;1.70551	;0.800311
7	;1.41121	;1.70551	;0.800311
8	;1.41121	;1.70551	;0.800311
9	;1.41121	;1.70551	;0.800311
10	;1.41121	;1.70551	;0.800311
11	;1.41121	;1.70551	;0.800311
12	;1.41121	;1.70551	;0.800311
13	;1.41121	;1.70551	;0.800311
14	;1.41121	;1.70551	;0.800311
15	;1.41121	;1.70551	;0.800311
16	;1.41121	;1.70551	;0.800311
17	;1.41121	;1.70551	;0.800311
18	;1.41121	;1.70551	;0.800311
19	;1.41121	;1.70551	;0.800311
20	;1.41121	;1.70551	;0.800311
21	;1.41121	;1.70551	;0.800311
22	;1.41121	;1.70551	;0.800311
23	;1.41121	;1.70551	;0.800311
24	;1.41121	;1.70551	;0.800311
25	;1.41121	;1.70551	;0.800311
26	;1.41121	;1.70551	;0.800311
27	;1.41121	;1.70551	;0.800311
28	;1.41121	;1.70551	;0.800311
29	;1.41121	;1.70551	;0.800311
30	;1.41121	;1.70551	;0.800311
31	;1.41121	;1.70551	;0.800311
32	;1.41121	;1.70551	;0.800311
33	;1.41121	;1.70551	;0.800311
34	;1.41121	;1.70551	;0.800311
35	;1.41121	;1.70551	;0.800311
36	;1.41121	;1.70551	;0.800311
37	;1.41121	;1.70551	;0.800311
38	;1.41121	;1.70551	;0.800311
39	;1.41121	;1.70551	;0.800311
40	;1.41121	;1.70551	;0.800311
41	;1.41121	;1.70551	;0.800311
42	;1.41121	;1.70551	;0.800311
43	;1.41121	;1.70551	;0.800311
44	;1.41121	;1.70551	;0.800311
45	;1.41121	;1.70551	;0.800311
46	;1.41121	;1.70551	;0.800311
47	;1.41121	;1.70551	;0.800311
48	;1.41121	;1.70551	;0.800311
49	;1.41121	;1.70551	;0.800311
50	;1.41121	;1.70551	;0.800311
51	;1.41121	;1.70551	;0.800311
52	;1.41121	;1.70551	;0.800311
53	;1.41121	;1.70551	;0.800311
54	;1.41121	;1.70551	;0.800311
55	;1.41121	;1.70551	;0.800311
56	;1.41121	;1.70551	;0.800311
57	;1.41121	;1.70551	;0.800311
58	;1.41121	;1.70551	;0.800311
59	;1.41121	;1.70551	;0.800311
60	;1.41121	;1.70551	;0.800311
61	;1.41121	;1.70551	;0.800311
62	;1.41121	;1.70551	;0.800311
63	;1.41121	;1.70551	;0.800311
64	;1.41121	;1.70551	;0.800311
65	;1.41121	;1.70551	;0.800311
66	;1.41121	;1.70551	;0.800311
67	;1.41121	;1.70551	;0.800311
68	;1.41121	;1.70551	;0.800311
69	;1.41121	;1.70551	;0.800311
70	;1.41121	;1.70551	;0.800311
71	;1.41121	;1.70551	;0.800311
72	;1.41121	;1.70551	;0.800311
73	;1.41121	;1.70551	;0.800311
74	;1.41121	;1.70551	;0.800311
75	;1.41121	;1.70551	;0.800311
76	;1.41121	;1.70551	;0.800311
77	;1.41121	;1.70551	;0.800311
78	;1.41121	;1.70551	;0.800311
79	;1.41121	;1.70551	;0.800311
80	;1.41121	;1.70551	;0.800311
81	;1.41121	;1.70551	;0.800311
82	;1.41121	;1.70551	;0.800311
83	;1.41121	;1.70551	;0.800311
84	;1.41121	;1.70551	;0.800311
85	;1.41121	;1.70551	;0.800311
86	;1.41121	;1.70551	;0.800311
87	;1.41121	;1.70551	;0.800311
88	;1.41121	;1.70551	;0.800311
89	;1.41121	;1.70551	;0.800311
90	;1.41121	;1.70551	;0.800311
91	;1.41121	;1.70551	;0.800311
92	;1.41121	;1.70551	;0.800311
93	;1.41121	;1.70551	;0.800311
94	;1.41121	;1.70551	;0.800311
95	;1.41121	;1.70551	;0.800311
96	;1.41121	;1.70551	;0.800311
97	;1.41121	;1.70551	;0.800311
98	;1.41121	;1.70551	;0.800311
99	;1.41121	;1.70551	;0.800311
100	;1.41121	;1.70551	;0.800311
101	;1.41121	;1.70551	;0.800311
102	;1.41121	;1.70551	;0.800311
103	;1.41121	;1.70551	;0.800311
104	;1.41121	;1.70551	;0.800311
105	;1.41121	;1.70551	;0.800311
106	;1.41121	;1.70551	;0.800311
107	;1.41121	;1.70551	;0.800311
108	;1.41121	;1.70551	;0.800311
109	;1.41121	;1.70551	;0.800311
110	;1.41121	;1.70551	;0.800311
111	;1.41121	;1.70551	;0.800311
112	;1.41121	;1.70551	;0.800311
113	;1.41121	;1.70551	;0.800311
114	;1.41121	;1.70551	;0.800311
115	;1.41121	;1.70551	;0.800311
116	;1.41121	;1.70551	;0.800311
117	;1.41121	;1.70551	;0.800311
118	;1.41121	;1.70551	;0.800311
119	;1.41121	;1.70551	;0.800311
120	;1.41121	;1.70551	;0.800311
121	;1.41121	;1.70551	;0.800311
122	;1.41121	;1.70551	;0.800311
123	;1.41121	;1.70551	;0.800311
124	;1.41121	;1.70551	;0.800311
125	;1.41121	;1.70551	;0.800311
126	;1.41121	;1.70551	;0.800311
127	;1.41121	;1.70551	;0.800311
128	;1.41121	;1.70551	;0.800311
129	;1.41121	;1.70551	;0.800311
130	;1.41121	;1.70551	;0.800311
131	;1.41121	;1.70551	;0.800311
132	;1.41121	;1.70551	;0.800311
133	;1.41121	;1.70551	;0.800311
134	;1.41121	;1.70551	;0.800311
135	;1.41121	;1.70551	;0.800311
136	;1.41121	;1.70551	;0.800311
137	;1.41121	;1.70551	;0.800311
138	;1.41121	;1.70551	;0.800311
139	;1.41121	;1.70551	;0.800311
140	;1.41121	;1.70551	;0.800311
141	;1.41121	;1.70551	;0.800311
142	;1.41121	;1.70551	;0.800311
143	;1.41121	;1.70551	;0.800311
144	;1.41121	;1.70551	;0.800311
145	;1.41121	;1.70551	;0.800311
146	;1.41121	;1.70551	;0.800311
147	;1.41121	;1.70551	;0.800311
148	;1.41121	;1.70551	;0.800311
149	;1.41121	;1.70551	;0.800311
150	;1.41121	;1.70551	;0.800311

1	;1.03205	;1.5102	;0.98074
2	;1.57491	;1.73482	;0.91602
3	;1.47793	;1.72432	;0.830105
4	;1.47793	;1.72432	;0.830105
5	;1.45367	;1.72328	;0.809109
6	;1.45367	;1.72328	;0.809109
7	;1.43725	;1.7162	;0.805535
8	;1.43725	;1.7162	;0.805535
9	;1.43986	;1.7191	;0.803282
10	;1.43986	;1.7191	;0.803282
11	;1.43986	;1.7191	;0.803282
12	;1.4389	;1.71912	;0.802409
13	;1.4389	;1.71912	;0.802409
14	;1.42093	;1.70998	;0.801325
15	;1.42093	;1.70998	;0.801325
16	;1.42093	;1.70998	;0.801325
17	;1.42093	;1.70998	;0.801325
18	;1.42093	;1.70998	;0.801325
19	;1.42093	;1.70998	;0.801325
20	;1.42093	;1.70998	;0.801325
21	;1.41624	;1.70786	;0.800743
22	;1.41624	;1.70786	;0.800743
23	;1.41624	;1.70786	;0.800743
24	;1.41624	;1.70786	;0.800743
25	;1.41624	;1.70786	;0.800743
26	;1.41624	;1.70786	;0.800743
27	;1.41624	;1.70786	;0.800743
28	;1.41624	;1.70786	;0.800743
29	;1.41624	;1.70786	;0.800743
30	;1.41624	;1.70786	;0.800743
31	;1.41624	;1.70786	;0.800743
32	;1.41624	;1.70786	;0.800743
33	;1.41624	;1.70786	;0.800743
34	;1.41624	;1.70786	;0.800743
35	;1.41624	;1.70786	;0.800743
36	;1.41624	;1.70786	;0.800743
37	;1.39883	;1.69911	;0.800491
38	;1.39883	;1.69911	;0.800491
39	;1.39883	;1.69911	;0.800491
40	;1.39883	;1.69911	;0.800491
41	;1.39883	;1.69911	;0.800491
42	;1.39883	;1.69911	;0.800491
43	;1.39883	;1.69911	;0.800491
44	;1.39883	;1.69911	;0.800491
45	;1.39883	;1.69911	;0.800491
46	;1.39883	;1.69911	;0.800491
47	;1.39883	;1.69911	;0.800491
48	;1.39883	;1.69911	;0.800491
49	;1.39883	;1.69911	;0.800491
50	;1.39883	;1.69911	;0.800491
51	;1.39883	;1.69911	;0.800491
52	;1.39883	;1.69911	;0.800491
53	;1.39883	;1.69911	;0.800491
54	;1.39883	;1.69911	;0.800491
55	;1.39883	;1.69911	;0.800491
56	;1.39883	;1.69911	;0.800491
57	;1.39883	;1.69911	;0.800491
58	;1.39883	;1.69911	;0.800491
59	;1.39883	;1.69911	;0.800491
60	;1.39883	;1.69911	;0.800491
61	;1.39883	;1.69911	;0.800491
62	;1.39883	;1.69911	;0.800491
63	;1.39883	;1.69911	;0.800491
64	;1.39883	;1.69911	;0.800491
65	;1.39883	;1.69911	;0.800491
66	;1.39883	;1.69911	;0.800491
67	;1.39883	;1.69911	;0.800491
68	;1.39883	;1.69911	;0.800491
69	;1.39883	;1.69911	;0.800491
70	;1.39883	;1.69911	;0.800491
71	;1.39883	;1.69911	;0.800491
72	;1.39883	;1.69911	;0.800491
73	;1.39883	;1.69911	;0.800491
74	;1.39883	;1.69911	;0.800491
75	;1.39883	;1.69911	;0.800491
76	;1.39883	;1.69911	;0.800491
77	;1.39883	;1.69911	;0.800491
78	;1.39883	;1.69911	;0.800491
79	;1.39883	;1.69911	;0.800491
80	;1.39883	;1.69911	;0.800491
81	;1.39883	;1.69911	;0.800491
82	;1.39883	;1.69911	;0.800491
83	;1.39883	;1.69911	;0.800491
84	;1.39883	;1.69911	;0.800491
85	;1.39883	;1.69911	;0.800491
86	;1.39883	;1.69911	;0.800491
87	;1.39883	;1.69911	;0.800491
88	;1.39719	;1.69846	;0.800233
89	;1.39719	;1.69846	;0.800233
90	;1.39719	;1.69846	;0.800233
91	;1.39719	;1.69846	;0.800233
92	;1.39719	;1.69846	;0.800233
93	;1.39719	;1.69846	;0.800233
94	;1.39719	;1.69846	;0.800233
95	;1.39719	;1.69846	;0.800233
96	;1.40102	;1.70046	;0.800075
97	;1.40102	;1.70046	;0.800075
98	;1.40102	;1.70046	;0.800075
99	;1.40102	;1.70046	;0.800075
100	;1.40102	;1.70046	;0.800075
101	;1.40102	;1.70046	;0.800075
102	;1.40102	;1.70046	;0.800075
103	;1.40102	;1.70046	;0.800075
104	;1.40102	;1.70046	;0.800075
105	;1.40102	;1.70046	;0.800075
106	;1.40102	;1.70046	;0.800075
107	;1.40102	;1.70046	;0.800075
108	;1.40102	;1.70046	;0.800075
109	;1.40102	;1.70046	;0.800075
110	;1.40102	;1.70046	;0.800075
111	;1.40102	;1.70046	;0.800075
112	;1.40102	;1.70046	;0.800075
113	;1.40102	;1.70046	;0.800075
114	;1.40102	;1.70046	;0.800075
115	;1.40102	;1.70046	;0.800075
116	;1.40102	;1.70046	;0.800075
117	;1.40102	;1.70046	;0.800075
118	;1.40102	;1.70046	;0.800075
119	;1.40102	;1.70046	;0.800075
120	;1.40102	;1.70046	;0.800075
121	;1.40102	;1.70046	;0.800075
122	;1.40102	;1.70046	;0.800075
123	;1.40102	;1.70046	;0.800075
124	;1.40102	;1.70046	;0.800075
125	;1.40102	;1.70046	;0.800075
126	;1.40102	;1.70046	;0.800075
127	;1.40102	;1.70046	;0.800075
128	;1.40102	;1.70046	;0.800075
129	;1.40102	;1.70046	;0.800075
130	;1.40102	;1.70046	;0.800075
131	;1.40102	;1.70046	;0.800075
132	;1.40102	;1.70046	;0.800075
133	;1.40102	;1.70046	;0.800075
134	;1.40102	;1.70046	;0.800075
135	;1.40102	;1.70046	;0.800075
136	;1.40102	;1.70046	;0.800075
137	;1.40102	;1.70046	;0.800075
138	;1.40102	;1.70046	;0.800075
139	;1.40102	;1.70046	;0.800075
140	;1.40102	;1.70046	;0.800075
141	;1.40102	;1.70046	;0.800075
142	;1.40102	;1.70046	;0.800075
143	;1.40102	;1.70046	;0.800075
144	;1.40102	;1.70046	;0.800075
145	;1.40102	;1.70046	;0.800075
146	;1.40102	;1.70046	;0.800075
147	;1.40102	;1.70046	;0.800075
148	;1.40102	;1.70046	;0.800075
149	;1.40102	;1.70046	;0.800075
150	;1.40102	;1.70046	;0.800075

1	;1.06106	;1.45314	;1.09965
2	;1.47938	;1.68948	;0.88675
3	;1.44885	;1.71511	;0.817514
4	;1.44885	;1.71511	;0.817514
5	;1.44885	;1.71511	;0.817514
6	;1.44885	;1.71511	;0.817514
7	;1.48077	;1.73763	;0.812344
8	;1.48077	;1.73763	;0.812344
9	;1.47207	;1.73416	;0.809359
10	;1.47207	;1.73416	;0.809359
11	;1.44477	;1.72089	;0.804831
12	;1.44477	;1.72089	;0.804831
13	;1.44477	;1.72089	;0.804831
14	;1.44538	;1.72218	;0.803373
15	;1.44514	;1.72254	;0.802601
16	;1.44514	;1.72254	;0.802601
17	;1.44514	;1.72254	;0.802601
18	;1.44514	;1.72254	;0.802601
19	;1.43978	;1.71977	;0.802159
20	;1.43978	;1.71977	;0.802159
21	;1.43978	;1.71977	;0.802159
22	;1.43978	;1.71977	;0.802159
23	;1.43978	;1.71977	;0.802159
24	;1.43978	;1.71977	;0.802159
25	;1.43978	;1.71977	;0.802159
26	;1.43978	;1.71977	;0.802159
27	;1.42462	;1.71184	;0.8015
28	;1.42462	;1.71184	;0.8015
29	;1.42462	;1.71184	;0.8015
30	;1.42462	;1.71184	;0.8015
31	;1.42462	;1.71184	;0.8015
32	;1.42462	;1.71184	;0.8015
33	;1.42462	;1.71184	;0.8015
34	;1.42462	;1.71184	;0.8015
35	;1.42462	;1.71184	;0.8015
36	;1.42462	;1.71184	;0.8015
37	;1.42462	;1.71184	;0.8015
38	;1.42462	;1.71184	;0.8015
39	;1.42462	;1.71184	;0.8015
40	;1.42462	;1.71184	;0.8015
41	;1.42187	;1.71067	;0.801017
42	;1.42187	;1.71067	;0.801017
43	;1.42187	;1.71067	;0.801017
44	;1.42187	;1.71067	;0.801017
45	;1.42187	;1.71067	;0.801017
46	;1.42187	;1.71067	;0.801017
47	;1.40761	;1.70351	;0.800545
48	;1.40761	;1.70351	;0.800545
49	;1.40761	;1.70351	;0.800545
50	;1.40761	;1.70351	;0.800545
51	;1.40761	;1.70351	;0.800545
52	;1.40761	;1.70351	;0.800545
53	;1.40761	;1.70351	;0.800545
54	;1.40761	;1.70351	;0.800545
55	;1.40761	;1.70351	;0.800545
56	;1.40761	;1.70351	;0.800545
57	;1.40761	;1.70351	;0.800545
58	;1.40761	;1.70351	;0.800545
59	;1.40851	;1.70412	;0.800302
60	;1.40851	;1.70412	;0.800302
61	;1.40851	;1.70412	;0.800302
62	;1.40851	;1.70412	;0.800302
63	;1.40851	;1.70412	;0.800302
64	;1.40851	;1.70412	;0.800302
65	;1.40851	;1.70412	;0.800302
66	;1.40851	;1.70412	;0.800302
67	;1.40851	;1.70412	;0.800302
68	;1.40851	;1.70412	;0.800302
69	;1.40851	;1.70412	;0.800302
70	;1.40851	;1.70412	;0.800302
71	;1.40851	;1.70412	;0.800302
72	;1.40851	;1.70412	;0.800302
73	;1.40851	;1.70412	;0.800302
74	;1.40851	;1.70412	;0.800302
75	;1.40851	;1.70412	;0.800302
76	;1.40851	;1.70412	;0.800302
77	;1.40851	;1.70412	;0.800302
78	;1.40851	;1.70412	;0.800302
79	;1.40851	;1.70412	;0.800302
80	;1.40851	;1.70412	;0.800302
81	;1.40851	;1.70412	;0.800302
82	;1.40851	;1.70412	;0.800302
83	;1.40851	;1.70412	;0.800302
84	;1.40851	;1.70412	;0.800302
85	;1.40851	;1.70412	;0.800302
86	;1.40171	;1.7008	;0.800096
87	;1.40171	;1.7008	;0.800096
88	;1.40171	;1.7008	;0.800096
89	;1.40171	;1.7008	;0.800096
90	;1.40171	;1.7008	;0.800096
91	;1.40171	;1.7008	;0.800096
92	;1.40171	;1.7008	;0.800096
93	;1.40171	;1.7008	;0.800096
94	;1.40171	;1.7008	;0.800096
95	;1.40171	;1.7008	;0.800096
96	;1.40171	;1.7008	;0.800096
97	;1.40171	;1.7008	;0.800096
98	;1.40171	;1.7008	;0.800096
99	;1.40171	;1.7008	;0.800096
100	;1.40171	;1.7008	;0.800096
101	;1.40171	;1.7008	;0.800096
102	;1.40171	;1.7008	;0.800096
103	;1.40171	;1.7008	;0.800096
104	;1.40171	;1.7008	;0.800096
105	;1.40171	;1.7008	;0.800096
106	;1.40171	;1.7008	;0.800096
107	;1.40171	;1.7008	;0.800096
108	;1.40171	;1.7008	;0.800096
109	;1.40171	;1.7008	;0.800096
110	;1.40171	;1.7008	;0.800096
111	;1.40171	;1.7008	;0.800096
112	;1.40171	;1.7008	;0.800096
113	;1.40171	;1.7008	;0.800096
114	;1.40171	;1.7008	;0.800096
115	;1.40171	;1.7008	;0.800096
116	;1.40171	;1.7008	;0.800096
117	;1.40171	;1.7008	;0.800096
118	;1.40171	;1.7008	;0.800096
119	;1.40171	;1.7008	;0.800096
120	;1.40171	;1.7008	;0.800096
121	;1.40171	;1.7008	;0.800096
122	;1.40171	;1.7008	;0.800096
123	;1.40171	;1.7008	;0.800096
124	;1.40171	;1.7008	;0.800096
125	;1.40171	;1.7008	;0.800096
126	;1.40171	;1.7008	;0.800096
127	;1.40171	;1.7008	;0.800096
128	;1.40171	;1.7008	;0.800096
129	;1.40171	;1.7008	;0.800096
130	;1.40171	;1.7008	;0.800096
131	;1.40171	;1.7008	;0.800096
132	;1.40171	;1.7008	;0.800096
133	;1.40171	;1.7008	;0.800096
134	;1.40171	;1.7008	;0.800096
135	;1.40171	;1.7008	;0.800096
136	;1.40171	;1.7008	;0.800096
137	;1.40171	;1.7008	;0.800096
138	;1.40171	;1.7008	;0.800096
139	;1.40171	;1.7008	;0.800096
140	;1.40171	;1.7008	;0.800096
141	;1.40171	;1.7008	;0.800096
142	;1.40171	;1.7008	;0.800096
143	;1.40171	;1.7008	;0.800096
144	;1.40171	;1.7008	;0.800096
145	;1.40171	;1.7008	;0.800096
146	;1.40171	;1.7008	;0.800096
147	;1.40171	;1.7008	;0.800096
148	;1.40171	;1.7008	;0.800096
149	;1.40171	;1.7008	;0.800096
150	;1.40171	;1.7008	;0.800096

1	;1.32882	;1.65811	;0.816897
2	;1.32882	;1.65811	;0.816897
3	;1.32394	;1.66077	;0.809246
4	;1.32394	;1.66077	;0.809246
5	;1.32394	;1.66077	;0.809246
6	;1.32394	;1.66077	;0.809246
7	;1.32394	;1.66077	;0.809246
8	;1.32394	;1.66077	;0.809246
9	;1.32394	;1.66077	;0.809246
10	;1.32394	;1.66077	;0.809246
11	;1.32394	;1.66077	;0.809246
12	;1.32394	;1.66077	;0.809246
13	;1.32313	;1.66121	;0.807977
14	;1.32313	;1.66121	;0.807977
15	;1.32313	;1.66121	;0.807977
16	;1.32313	;1.66121	;0.807977
17	;1.32313	;1.66121	;0.807977
18	;1.32313	;1.66121	;0.807977
19	;1.32137	;1.66054	;0.807972
20	;1.32137	;1.66054	;0.807972
21	;1.32137	;1.66054	;0.807972
22	;1.32137	;1.66054	;0.807972
23	;1.32137	;1.66054	;0.807972
24	;1.32137	;1.66054	;0.807972
25	;1.32137	;1.66054	;0.807972
26	;1.32137	;1.66054	;0.807972
27	;1.32137	;1.66054	;0.807972
28	;1.32137	;1.66054	;0.807972
29	;1.32137	;1.66054	;0.807972
30	;1.35549	;1.67541	;0.80632
31	;1.35549	;1.67541	;0.80632
32	;1.35549	;1.67541	;0.80632
33	;1.43697	;1.71723	;0.803663
34	;1.43697	;1.71723	;0.803663
35	;1.43697	;1.71723	;0.803663
36	;1.42062	;1.70887	;0.802812
37	;1.42062	;1.70887	;0.802812
38	;1.42062	;1.70887	;0.802812
39	;1.41367	;1.70637	;0.800968
40	;1.41367	;1.70637	;0.800968
41	;1.41396	;1.70676	;0.800583
42	;1.41396	;1.70676	;0.800583
43	;1.41395	;1.70692	;0.800332
44	;1.41395	;1.70692	;0.800332
45	;1.41395	;1.70692	;0.800332
46	;1.41395	;1.70692	;0.800332
47	;1.41395	;1.70692	;0.800332
48	;1.41395	;1.70692	;0.800332
49	;1.41395	;1.70692	;0.800332
50	;1.41395	;1.70692	;0.800332
51	;1.41395	;1.70692	;0.800332
52	;1.41395	;1.70692	;0.800332
53	;1.41395	;1.70692	;0.800332
54	;1.41395	;1.70692	;0.800332
55	;1.41395	;1.70692	;0.800332
56	;1.41395	;1.70692	;0.800332
57	;1.41395	;1.70692	;0.800332
58	;1.40667	;1.70327	;0.800164
59	;1.40667	;1.70327	;0.800164
60	;1.40667	;1.70327	;0.800164
61	;1.40667	;1.70327	;0.800164
62	;1.40667	;1.70327	;0.800164
63	;1.40667	;1.70327	;0.800164
64	;1.40667	;1.70327	;0.800164
65	;1.40667	;1.70327	;0.800164
66	;1.40667	;1.70327	;0.800164
67	;1.40667	;1.70327	;0.800164
68	;1.40667	;1.70327	;0.800164
69	;1.40667	;1.70327	;0.800164
70	;1.4004	;1.70016	;0.80007
71	;1.4004	;1.70016	;0.80007
72	;1.4004	;1.70016	;0.80007
73	;1.4004	;1.70016	;0.80007
74	;1.4004	;1.70016	;0.80007
75	;1.4004	;1.70016	;0.80007
76	;1.4004	;1.70016	;0.80007
77	;1.4004	;1.70016	;0.80007
78	;1.4004	;1.70016	;0.80007
79	;1.4004	;1.70016	;0.80007
80	;1.4004	;1.70016	;0.80007
81	;1.4004	;1.70016	;0.80007
82	;1.4004	;1.70016	;0.80007
83	;1.4004	;1.70016	;0.80007
84	;1.4004	;1.70016	;0.80007
85	;1.4004	;1.70016	;0.80007
86	;1.4004	;1.70016	;0.80007
87	;1.4004	;1.70016	;0.80007
88	;1.4004	;1.70016	;0.80007
89	;1.4004	;1.70016	;0.80007
90	;1.4004	;1.70016	;0.80007
91	;1.4004	;1.70016	;0.80007
92	;1.4004	;1.70016	;0.80007
93	;1.4004	;1.70016	;0.80007
94	;1.4004	;1.70016	;0.80007
95	;1.4004	;1.70016	;0.80007
96	;1.4004	;1.70016	;0.80007
97	;1.4004	;1.70016	;0.80007
98	;1.4004	;1.70016	;0.80007
99	;1.4004	;1.70016	;0.80007
100	;1.4004	;1.70016	;0.80007
101	;1.4004	;1.70016	;0.80007
102	;1.4004	;1.70016	;0.80007
103	;1.4004	;1.70016	;0.80007
104	;1.4004	;1.70016	;0.80007
105	;1.4004	;1.70016	;0.80007
106	;1.4004	;1.70016	;0.80007
107	;1.4004	;1.70016	;0.80007
108	;1.4004	;1.70016	;0.80007
109	;1.4004	;1.70016	;0.80007
110	;1.4004	;1.70016	;0.80007
111	;1.4004	;1.70016	;0.80007
112	;1.4004	;1.70016	;0.80007
113	;1.4004	;1.70016	;0.80007
114	;1.4004	;1.70016	;0.80007
115	;1.4004	;1.70016	;0.80007
116	;1.4004	;1.70016	;0.80007
117	;1.4004	;1.70016	;0.80007
118	;1.4004	;1.70016	;0.80007
119	;1.4004	;1.70016	;0.80007
120	;1.4004	;1.70016	;0.80007
121	;1.4004	;1.70016	;0.80007
122	;1.4004	;1.70016	;0.80007
123	;1.4004	;1.70016	;0.80007
124	;1.4004	;1.70016	;0.80007
125	;1.4004	;1.70016	;0.80007
126	;1.40005	;1.70001	;0.800035
127	;1.40005	;1.70001	;0.800035
128	;1.40005	;1.70001	;0.800035
129	;1.40005	;1.70001	;0.800035
130	;1.40005	;1.70001	;0.800035
131	;1.40005	;1.70001	;0.800035
132	;1.40005	;1.70001	;0.800035
133	;1.40005	;1.70001	;0.800035
134	;1.40005	;1.70001	;0.800035
135	;1.40005	;1.70001	;0.800035
136	;1.40005	;1.70001	;0.800035
137	;1.40005	;1.70001	;0.800035
138	;1.40005	;1.70001	;0.800035
139	;1.40005	;1.70001	;0.800035
140	;1.40005	;1.70001	;0.800035
141	;1.40005	;1.70001	;0.800035
142	;1.40005	;1.70001	;0.800035
143	;1.40005	;1.70001	;0.800035
144	;1.40005	;1.70001	;0.800035
145	;1.40005	;1.70001	;0.800035
146	;1.40005	;1.70001	;0.800035
147	;1.40005	;1.70001	;0.800035
148	;1.40005	;1.70001	;0.800035
149	;1.40005	;1.70001	;0.800035
150	;1.40005	;1.70001	;0.800035

1	;1.31362	;1.63162	;0.852449
2	;1.31362	;1.63162	;0.852449
3	;1.41611	;1.70439	;0.806152
4	;1.41611	;1.70439	;0.806152
5	;1.41611	;1.70439	;0.806152
6	;1.41611	;1.70439	;0.806152
7	;1.41611	;1.70439	;0.806152
8	;1.41611	;1.70439	;0.806152
9	;1.41279	;1.70472	;0.802868
10	;1.41279	;1.70472	;0.802868
11	;1.38274	;1.69062	;0.801589
12	;1.38274	;1.69062	;0.801589
13	;1.38274	;1.69062	;0.801589
14	;1.38274	;1.69062	;0.801589
15	;1.38274	;1.69062	;0.801589
16	;1.38274	;1.69062	;0.801589
17	;1.38274	;1.69062	;0.801589
18	;1.38274	;1.69062	;0.801589
19	;1.38274	;1.69062	;0.801589
20	;1.38728	;1.69285	;0.801475
21	;1.38728	;1.69285	;0.801475
22	;1.38728	;1.69285	;0.801475
23	;1.38728	;1.69285	;0.801475
24	;1.38728	;1.69285	;0.801475
25	;1.38728	;1.69285	;0.801475
26	;1.38728	;1.69285	;0.801475
27	;1.38728	;1.69285	;0.801475
28	;1.39656	;1.69772	;0.800905
29	;1.39656	;1.69772	;0.800905
30	;1.39656	;1.69772	;0.800905
31	;1.39656	;1.69772	;0.800905
32	;1.39656	;1.69772	;0.800905
33	;1.39656	;1.69772	;0.800905
34	;1.39656	;1.69772	;0.800905
35	;1.39656	;1.69772	;0.800905
36	;1.39656	;1.69772	;0.800905
37	;1.38879	;1.69435	;0.800231
38	;1.38879	;1.69435	;0.800231
39	;1.38879	;1.69435	;0.800231
40	;1.38879	;1.69435	;0.800231
41	;1.38879	;1.69435	;0.800231
42	;1.38879	;1.69435	;0.800231
43	;1.38879	;1.69435	;0.800231
44	;1.38879	;1.69435	;0.800231
45	;1.38879	;1.69435	;0.800231
46	;1.38879	;1.69435	;0.800231
47	;1.38879	;1.69435	;0.800231
48	;1.38879	;1.69435	;0.800231
49	;1.38879	;1.69435	;0.800231
50	;1.38879	;1.69435	;0.800231
51	;1.40986	;1.70492	;0.800142
52	;1.40986	;1.70492	;0.800142
53	;1.40986	;1.70492	;0.800142
54	;1.40986	;1.70492	;0.800142
55	;1.40986	;1.70492	;0.800142
56	;1.40986	;1.70492	;0.800142
57	;1.40986	;1.70492	;0.800142
58	;1.40986	;1.70492	;0.800142
59	;1.40986	;1.70492	;0.800142
60	;1.40986	;1.70492	;0.800142
61	;1.40986	;1.70492	;0.800142
62	;1.40986	;1.70492	;0.800142
63	;1.40986	;1.70492	;0.800142
64	;1.40986	;1.70492	;0.800142
65	;1.40986	;1.70492	;0.800142
66	;1.40986	;1.70492	;0.800142
67	;1.40986	;1.70492	;0.800142
68	;1.40986	;1.70492	;0.800142
69	;1.40986	;1.70492	;0.800142
70	;1.40986	;1.70492	;0.800142
71	;1.40986	;1.70492	;0.800142
72	;1.40986	;1.70492	;0.800142
73	;1.40986	;1.70492	;0.800142
74	;1.40986	;1.70492	;0.800142
75	;1.40986	;1.70492	;0.800142
76	;1.40986	;1.70492	;0.800142
77	;1.40986	;1.70492	;0.800142
78	;1.40986	;1.70492	;0.800142
79	;1.40986	;1.70492	;0.800142
80	;1.40986	;1.70492	;0.800142
81	;1.40986	;1.70492	;0.800142
82	;1.40986	;1.70492	;0.800142
83	;1.40986	;1.70492	;0.800142
84	;1.40986	;1.70492	;0.800142
85	;1.40986	;1.70492	;0.800142
86	;1.40986	;1.70492	;0.800142
87	;1.40986	;1.70492	;0.800142
88	;1.40986	;1.70492	;0.800142
89	;1.40986	;1.70492	;0.800142
90	;1.40986	;1.70492	;0.800142
91	;1.40986	;1.70492	;0.800142
92	;1.40986	;1.70492	;0.800142
93	;1.40986	;1.70492	;0.800142
94	;1.40986	;1.70492	;0.800142
95	;1.40986	;1.70492	;0.800142
96	;1.40986	;1.70492	;0.800142
97	;1.40986	;1.70492	;0.800142
98	;1.40986	;1.70492	;0.800142
99	;1.40986	;1.70492	;0.800142
100	;1.40986	;1.70492	;0.800142
101	;1.40986	;1.70492	;0.800142
102	;1.40986	;1.70492	;0.800142
103	;1.40986	;1.70492	;0.800142
104	;1.40986	;1.70492	;0.800142
105	;1.40986	;1.70492	;0.800142
106	;1.40986	;1.70492	;0.800142
107	;1.40986	;1.70492	;0.800142
108	;1.40986	;1.70492	;0.800142
109	;1.40986	;1.70492	;0.800142
110	;1.40986	;1.70492	;0.800142
111	;1.40986	;1.70492	;0.800142
112	;1.40986	;1.70492	;0.800142
113	;1.40986	;1.70492	;0.800142
114	;1.40986	;1.70492	;0.800142
115	;1.40986	;1.70492	;0.800142
116	;1.40986	;1.70492	;0.800142
117	;1.40986	;1.70492	;0.800142
118	;1.40986	;1.70492	;0.800142
119	;1.40986	;1.70492	;0.800142
120	;1.40986	;1.70492	;0.800142
121	;1.40986	;1.70492	;0.800142
122	;1.40986	;1.70492	;0.800142
123	;1.40986	;1.70492	;0.800142
124	;1.40986	;1.70492	;0.800142
125	;1.40986	;1.70492	;0.800142
126	;1.40986	;1.70492	;0.800142
127	;1.40986	;1.70492	;0.800142
128	;1.40986	;1.70492	;0.800142
129	;1.40986	;1.70492	;0.800142
130	;1.40986	;1.70492	;0.800142
131	;1.40986	;1.70492	;0.800142
132	;1.40986	;1.70492	;0.800142
133	;1.40986	;1.70492	;0.800142
134	;1.40986	;1.70492	;0.800142
135	;1.40986	;1.70492	;0.800142
136	;1.40986	;1.70492	;0.800142
137	;1.40986	;1.70492	;0.800142
138	;1.40986	;1.70492	;0.800142
139	;1.40986	;1.70492	;0.800142
140	;1.40986	;1.70492	;0.800142
141	;1.40986	;1.70492	;0.800142
142	;1.40986	;1.70492	;0.800142
143	;1.40986	;1.70492	;0.800142
144	;1.40986	;1.70492	;0.800142
145	;1.40986	;1.70492	;0.800142
146	;1.40986	;1.70492	;0.800142
147	;1.40986	;1.70492	;0.800142
148	;1.40986	;1.70492	;0.800142
149	;1.40986	;1.70492	;0.800142
150	;1.40986	;1.70492	;0.800142

1	;1.31247	;1.59366	;0.919095
2	;1.31247	;1.59366	;0.919095
3	;1.4237	;1.70612	;0.809757
4	;1.39442	;1.6955	;0.802789
5	;1.39442	;1.6955	;0.802789
6	;1.39026	;1.69444	;0.801222
7	;1.39026	;1.69444	;0.801222
8	;1.39026	;1.69444	;0.801222
9	;1.39026	;1.69444	;0.801222
10	;1.39026	;1.69444	;0.801222
11	;1.39026	;1.69444	;0.801222
12	;1.38817	;1.69387	;0.800521
13	;1.38817	;1.69387	;0.800521
14	;1.38817	;1.69387	;0.800521
15	;1.38817	;1.69387	;0.800521
16	;1.38817	;1.69387	;0.800521
17	;1.38817	;1.69387	;0.800521
18	;1.38817	;1.69387	;0.800521
19	;1.38817	;1.69387	;0.800521
20	;1.38817	;1.69387	;0.800521
21	;1.38817	;1.69387	;0.800521
22	;1.38817	;1.69387	;0.800521
23	;1.38817	;1.69387	;0.800521
24	;1.38817	;1.69387	;0.800521
25	;1.38817	;1.69387	;0.800521
26	;1.38817	;1.69387	;0.800521
27	;1.38817	;1.69387	;0.800521
28	;1.38817	;1.69387	;0.800521
29	;1.38817	;1.69387	;0.800521
30	;1.38817	;1.69387	;0.800521
31	;1.38817	;1.69387	;0.800521
32	;1.38817	;1.69387	;0.800521
33	;1.38817	;1.69387	;0.800521
34	;1.38817	;1.69387	;0.800521
35	;1.38817	;1.69387	;0.800521
36	;1.38817	;1.69387	;0.800521
37	;1.38817	;1.69387	;0.800521
38	;1.38817	;1.69387	;0.800521
39	;1.38817	;1.69387	;0.800521
40	;1.38817	;1.69387	;0.800521
41	;1.38817	;1.69387	;0.800521
42	;1.38817	;1.69387	;0.800521
43	;1.38817	;1.69387	;0.800521
44	;1.38817	;1.69387	;0.800521
45	;1.38817	;1.69387	;0.800521
46	;1.38817	;1.69387	;0.800521
47	;1.38817	;1.69387	;0.800521
48	;1.38817	;1.69387	;0.800521
49	;1.38817	;1.69387	;0.800521
50	;1.38817	;1.69387	;0.800521
51	;1.38817	;1.69387	;0.800521
52	;1.38817	;1.69387	;0.800521
53	;1.38817	;1.69387	;0.800521
54	;1.38817	;1.69387	;0.800521
55	;1.38817	;1.69387	;0.800521
56	;1.38817	;1.69387	;0.800521
57	;1.38817	;1.69387	;0.800521
58	;1.38817	;1.69387	;0.800521
59	;1.38817	;1.69387	;0.800521
60	;1.38817	;1.69387	;0.800521
61	;1.38817	;1.69387	;0.800521
62	;1.38817	;1.69387	;0.800521
63	;1.38817	;1.69387	;0.800521
64	;1.38817	;1.69387	;0.800521
65	;1.38817	;1.69387	;0.800521
66	;1.38817	;1.69387	;0.800521
67	;1.38817	;1.69387	;0.800521
68	;1.38817	;1.69387	;0.800521
69	;1.38817	;1.69387	;0.800521
70	;1.38817	;1.69387	;0.800521
71	;1.38817	;1.69387	;0.800521
72	;1.38817	;1.69387	;0.800521
73	;1.38817	;1.69387	;0.800521
74	;1.38817	;1.69387	;0.800521
75	;1.38817	;1.69387	;0.800521
76	;1.38817	;1.69387	;0.800521
77	;1.38817	;1.69387	;0.800521
78	;1.38817	;1.69387	;0.800521
79	;1.38817	;1.69387	;0.800521
80	;1.38817	;1.69387	;0.800521
81	;1.38817	;1.69387	;0.800521
82	;1.38817	;1.69387	;0.800521
83	;1.38817	;1.69387	;0.800521
84	;1.38817	;1.69387	;0.800521
85	;1.38817	;1.69387	;0.800521
86	;1.38817	;1.69387	;0.800521
87	;1.38817	;1.69387	;0.800521
88	;1.38817	;1.69387	;0.800521
89	;1.38817	;1.69387	;0.800521
90	;1.38817	;1.69387	;0.800521
91	;1.38817	;1.69387	;0.800521
92	;1.38817	;1.69387	;0.800521
93	;1.38817	;1.69387	;0.800521
94	;1.38817	;1.69387	;0.800521
95	;1.38817	;1.69387	;0.800521
96	;1.38817	;1.69387	;0.800521
97	;1.38817	;1.69387	;0.800521
98	;1.38817	;1.69387	;0.800521
99	;1.4004	;1.70018	;0.800042
100	;1.4004	;1.70018	;0.800042
101	;1.4004	;1.70018	;0.800042
102	;1.4004	;1.70018	;0.800042
103	;1.4004	;1.70018	;0.800042
104	;1.4004	;1.70018	;0.800042
105	;1.4004	;1.70018	;0.800042
106	;1.4004	;1.70018	;0.800042
107	;1.4004	;1.70018	;0.800042
108	;1.4004	;1.70018	;0.800042
109	;1.4004	;1.70018	;0.800042
110	;1.4004	;1.70018	;0.800042
111	;1.4004	;1.70018	;0.800042
112	;1.4004	;1.70018	;0.800042
113	;1.4004	;1.70018	;0.800042
114	;1.4004	;1.70018	;0.800042
115	;1.4004	;1.70018	;0.800042
116	;1.4004	;1.70018	;0.800042
117	;1.4004	;1.70018	;0.800042
118	;1.4004	;1.70018	;0.800042
119	;1.4004	;1.70018	;0.800042
120	;1.4004	;1.70018	;0.800042
121	;1.4004	;1.70018	;0.800042
122	;1.4004	;1.70018	;0.800042
123	;1.4004	;1.70018	;0.800042
124	;1.4004	;1.70018	;0.800042
125	;1.4004	;1.70018	;0.800042
126	;1.4004	;1.70018	;0.800042
127	;1.4004	;1.70018	;0.800042
128	;1.4004	;1.70018	;0.800042
129	;1.4004	;1.70018	;0.800042
130	;1.4004	;1.70018	;0.800042
131	;1.4004	;1.70018	;0.800042
132	;1.4004	;1.70018	;0.800042
133	;1.4004	;1.70018	;0.800042
134	;1.4004	;1.70018	;0.800042
135	;1.4004	;1.70018	;0.800042
136	;1.4004	;1.70018	;0.800042
137	;1.4004	;1.70018	;0.800042
138	;1.4004	;1.70018	;0.800042
139	;1.4004	;1.70018	;0.800042
140	;1.4004	;1.70018	;0.800042
141	;1.4004	;1.70018	;0.800042
142	;1.4004	;1.70018	;0.800042
143	;1.4004	;1.70018	;0.800042
144	;1.4004	;1.70018	;0.800042
145	;1.4004	;1.70018	;0.800042
146	;1.4004	;1.70018	;0.800042
147	;1.4004	;1.70018	;0.800042
148	;1.4004	;1.70018	;0.800042
149	;1.4004	;1.70018	;0.800042
150	;1.4004	;1.70018	;0.800042

1	;1.70907	;1.74124	;1.0785
2	;1.52285	;1.72238	;0.878062
3	;1.52285	;1.72238	;0.878062
4	;1.48667	;1.72142	;0.843045
5	;1.47778	;1.72792	;0.824381
6	;1.47778	;1.72792	;0.824381
7	;1.47535	;1.72853	;0.821114
8	;1.4569	;1.7241	;0.810779
9	;1.45495	;1.72648	;0.805311
10	;1.45495	;1.72648	;0.805311
11	;1.45495	;1.72648	;0.805311
12	;1.45495	;1.72648	;0.805311
13	;1.45495	;1.72648	;0.805311
14	;1.45495	;1.72648	;0.805311
15	;1.45495	;1.72648	;0.805311
16	;1.45495	;1.72648	;0.805311
17	;1.45495	;1.72648	;0.805311
18	;1.45495	;1.72648	;0.805311
19	;1.45495	;1.72648	;0.805311
20	;1.45495	;1.72648	;0.805311
21	;1.45495	;1.72648	;0.805311
22	;1.45495	;1.72648	;0.805311
23	;1.38644	;1.69251	;0.801367
24	;1.38644	;1.69251	;0.801367
25	;1.38644	;1.69251	;0.801367
26	;1.38644	;1.69251	;0.801367
27	;1.38644	;1.69251	;0.801367
28	;1.38644	;1.69251	;0.801367
29	;1.38662	;1.69271	;0.801196
30	;1.38988	;1.69454	;0.800775
31	;1.38988	;1.69454	;0.800775
32	;1.38988	;1.69454	;0.800775
33	;1.38988	;1.69454	;0.800775
34	;1.38988	;1.69454	;0.800775
35	;1.38988	;1.69454	;0.800775
36	;1.38735	;1.69339	;0.800663
37	;1.38735	;1.69339	;0.800663
38	;1.38735	;1.69339	;0.800663
39	;1.38735	;1.69339	;0.800663
40	;1.38735	;1.69339	;0.800663
41	;1.38735	;1.69339	;0.800663
42	;1.38735	;1.69339	;0.800663
43	;1.38735	;1.69339	;0.800663
44	;1.38735	;1.69339	;0.800663
45	;1.38735	;1.69339	;0.800663
46	;1.38735	;1.69339	;0.800663
47	;1.38735	;1.69339	;0.800663
48	;1.38735	;1.69339	;0.800663
49	;1.38735	;1.69339	;0.800663
50	;1.38735	;1.69339	;0.800663
51	;1.38735	;1.69339	;0.800663
52	;1.38735	;1.69339	;0.800663
53	;1.38735	;1.69339	;0.800663
54	;1.38735	;1.69339	;0.800663
55	;1.38735	;1.69339	;0.800663
56	;1.38735	;1.69339	;0.800663
57	;1.38735	;1.69339	;0.800663
58	;1.38486	;1.69242	;0.800308
59	;1.38486	;1.69242	;0.800308
60	;1.38486	;1.69242	;0.800308
61	;1.38486	;1.69242	;0.800308
62	;1.38486	;1.69242	;0.800308
63	;1.38486	;1.69242	;0.800308
64	;1.38486	;1.69242	;0.800308
65	;1.38539	;1.69267	;0.800303
66	;1.38539	;1.69267	;0.800303
67	;1.38539	;1.69267	;0.800303
68	;1.38539	;1.69267	;0.800303
69	;1.38539	;1.69267	;0.800303
70	;1.38539	;1.69267	;0.800303
71	;1.38539	;1.69267	;0.800303
72	;1.38539	;1.69267	;0.800303
73	;1.38539	;1.69267	;0.800303
74	;1.38539	;1.69267	;0.800303
75	;1.38539	;1.69267	;0.800303
76	;1.38539	;1.69267	;0.800303
77	;1.38539	;1.69267	;0.800303
78	;1.38539	;1.69267	;0.800303
79	;1.38539	;1.69267	;0.800303
80	;1.38539	;1.69267	;0.800303
81	;1.38539	;1.69267	;0.800303
82	;1.38539	;1.69267	;0.800303
83	;1.38539	;1.69267	;0.800303
84	;1.38539	;1.69267	;0.800303
85	;1.38539	;1.69267	;0.800303
86	;1.38539	;1.69267	;0.800303
87	;1.38539	;1.69267	;0.800303
88	;1.38539	;1.69267	;0.800303
89	;1.38539	;1.69267	;0.800303
90	;1.38539	;1.69267	;0.800303
91	;1.38539	;1.69267	;0.800303
92	;1.38539	;1.69267	;0.800303
93	;1.38539	;1.69267	;0.800303
94	;1.38539	;1.69267	;0.800303
95	;1.38539	;1.69267	;0.800303
96	;1.38539	;1.69267	;0.800303
97	;1.38539	;1.69267	;0.800303
98	;1.38539	;1.69267	;0.800303
99	;1.38539	;1.69267	;0.800303
100	;1.38539	;1.69267	;0.800303
101	;1.38539	;1.69267	;0.800303
102	;1.38539	;1.69267	;0.800303
103	;1.38539	;1.69267	;0.800303
104	;1.38539	;1.69267	;0.800303
105	;1.38539	;1.69267	;0.800303
106	;1.38539	;1.69267	;0.800303
107	;1.38539	;1.69267	;0.800303
108	;1.38539	;1.69267	;0.800303
109	;1.38539	;1.69267	;0.800303
110	;1.38539	;1.69267	;0.800303
111	;1.38539	;1.69267	;0.800303
112	;1.38539	;1.69267	;0.800303
113	;1.38539	;1.69267	;0.800303
114	;1.38539	;1.69267	;0.800303
115	;1.38539	;1.69267	;0.800303
116	;1.38539	;1.69267	;0.800303
117	;1.38539	;1.69267	;0.800303
118	;1.38539	;1.69267	;0.800303
119	;1.38539	;1.69267	;0.800303
120	;1.38539	;1.69267	;0.800303
121	;1.38539	;1.69267	;0.800303
122	;1.38539	;1.69267	;0.800303
123	;1.38539	;1.69267	;0.800303
124	;1.38539	;1.69267	;0.800303
125	;1.38539	;1.69267	;0.800303
126	;1.38539	;1.69267	;0.800303
127	;1.38539	;1.69267	;0.800303
128	;1.38539	;1.69267	;0.800303
129	;1.38539	;1.69267	;0.800303
130	;1.38539	;1.69267	;0.800303
131	;1.38539	;1.69267	;0.800303
132	;1.38539	;1.69267	;0.800303
133	;1.38539	;1.69267	;0.800303
134	;1.38539	;1.69267	;0.800303
135	;1.38539	;1.69267	;0.800303
136	;1.38539	;1.69267	;0.800303
137	;1.38539	;1.69267	;0.800303
138	;1.38539	;1.69267	;0.800303
139	;1.38539	;1.69267	;0.800303
140	;1.38539	;1.69267	;0.800303
141	;1.38539	;1.69267	;0.800303
142	;1.38539	;1.69267	;0.800303
143	;1.38539	;1.69267	;0.800303
144	;1.38539	;1.69267	;0.800303
145	;1.38539	;1.69267	;0.800303
146	;1.38539	;1.69267	;0.800303
147	;1.38539	;1.69267	;0.800303
148	;1.38539	;1.69267	;0.800303
149	;1.38539	;1.69267	;0.800303
150	;1.38539	;1.69267	;0.800303

1	;1.31356	;1.49727	;1.10378
2	;1.51078	;1.694	;0.910534
3	;1.39011	;1.66011	;0.857608
4	;1.37919	;1.66841	;0.835324
5	;1.37919	;1.66841	;0.835324
6	;1.37919	;1.66841	;0.835324
7	;1.42843	;1.69942	;0.824484
8	;1.42452	;1.7104	;0.803686
9	;1.42452	;1.7104	;0.803686
10	;1.42452	;1.7104	;0.803686
11	;1.42452	;1.7104	;0.803686
12	;1.42454	;1.71179	;0.801514
13	;1.42454	;1.71179	;0.801514
14	;1.42454	;1.71179	;0.801514
15	;1.42454	;1.71179	;0.801514
16	;1.42454	;1.71179	;0.801514
17	;1.42408	;1.71183	;0.801051
18	;1.42408	;1.71183	;0.801051
19	;1.42397	;1.71189	;0.800867
20	;1.42397	;1.71189	;0.800867
21	;1.4234	;1.71167	;0.80073
22	;1.4234	;1.71167	;0.80073
23	;1.4234	;1.71167	;0.80073
24	;1.4234	;1.71167	;0.80073
25	;1.4234	;1.71167	;0.80073
26	;1.4234	;1.71167	;0.80073
27	;1.4234	;1.71167	;0.80073
28	;1.4234	;1.71167	;0.80073
29	;1.42221	;1.71105	;0.800708
30	;1.42221	;1.71105	;0.800708
31	;1.42221	;1.71105	;0.800708
32	;1.42221	;1.71105	;0.800708
33	;1.42159	;1.71073	;0.80068
34	;1.42159	;1.71073	;0.80068
35	;1.42159	;1.71073	;0.80068
36	;1.42159	;1.71073	;0.80068
37	;1.42159	;1.71073	;0.80068
38	;1.42179	;1.71086	;0.800658
39	;1.42179	;1.71086	;0.800658
40	;1.42179	;1.71086	;0.800658
41	;1.4219	;1.71095	;0.800603
42	;1.4219	;1.71095	;0.800603
43	;1.4219	;1.71095	;0.800603
44	;1.4219	;1.71095	;0.800603
45	;1.4219	;1.71095	;0.800603
46	;1.4219	;1.71095	;0.800603
47	;1.4219	;1.71095	;0.800603
48	;1.4219	;1.71095	;0.800603
49	;1.4219	;1.71095	;0.800603
50	;1.4219	;1.71095	;0.800603
51	;1.4219	;1.71095	;0.800603
52	;1.4219	;1.71095	;0.800603
53	;1.4219	;1.71095	;0.800603
54	;1.4219	;1.71095	;0.800603
55	;1.4219	;1.71095	;0.800603
56	;1.42105	;1.71051	;0.800571
57	;1.42105	;1.71051	;0.800571
58	;1.42105	;1.71051	;0.800571
59	;1.42105	;1.71051	;0.800571
60	;1.42105	;1.71051	;0.800571
61	;1.42105	;1.71051	;0.800571
62	;1.42105	;1.71051	;0.800571
63	;1.42105	;1.71051	;0.800571
64	;1.38439	;1.69207	;0.800504
65	;1.38439	;1.69207	;0.800504
66	;1.38439	;1.69207	;0.800504
67	;1.38439	;1.69207	;0.800504
68	;1.38439	;1.69207	;0.800504
69	;1.38439	;1.69207	;0.800504
70	;1.38439	;1.69207	;0.800504
71	;1.40438	;1.70202	;0.800303
72	;1.40438	;1.70202	;0.800303
73	;1.40461	;1.70222	;0.800171
74	;1.40553	;1.70272	;0.800109
75	;1.40553	;1.70272	;0.800109
76	;1.40591	;1.70291	;0.800106
77	;1.40591	;1.70291	;0.800106
78	;1.40183	;1.70091	;0.80002
79	;1.40183	;1.70091	;0.80002
80	;1.40183	;1.70091	;0.80002
81	;1.40183	;1.70091	;0.80002
82	;1.40183	;1.70091	;0.80002
83	;1.40183	;1.70091	;0.80002
84	;1.40183	;1.70091	;0.80002
85	;1.40183	;1.70091	;0.80002
86	;1.40183	;1.70091	;0.80002
87	;1.40183	;1.70091	;0.80002
88	;1.40183	;1.70091	;0.80002
89	;1.40183	;1.70091	;0.80002
90	;1.40183	;1.70091	;0.80002
91	;1.40183	;1.70091	;0.80002
92	;1.40183	;1.70091	;0.80002
93	;1.40183	;1.70091	;0.80002
94	;1.40183	;1.70091	;0.80002
95	;1.40183	;1.70091	;0.80002
96	;1.40183	;1.70091	;0.80002
97	;1.40183	;1.70091	;0.80002
98	;1.40183	;1.70091	;0.80002
99	;1.40183	;1.70091	;0.80002
100	;1.40183	;1.70091	;0.80002
101	;1.40183	;1.70091	;0.80002
102	;1.40183	;1.70091	;0.80002
103	;1.40183	;1.70091	;0.80002
104	;1.40183	;1.70091	;0.80002
105	;1.40183	;1.70091	;0.80002
106	;1.40183	;1.70091	;0.80002
107	;1.40183	;1.70091	;0.80002
108	;1.40183	;1.70091	;0.80002
109	;1.40183	;1.70091	;0.80002
110	;1.40183	;1.70091	;0.80002
111	;1.40183	;1.70091	;0.80002
112	;1.40183	;1.70091	;0.80002
113	;1.40183	;1.70091	;0.80002
114	;1.40183	;1.70091	;0.80002
115	;1.40183	;1.70091	;0.80002
116	;1.40183	;1.70091	;0.80002
117	;1.40183	;1.70091	;0.80002
118	;1.39791	;1.69895	;0.800013
119	;1.39791	;1.69895	;0.800013
120	;1.39791	;1.69895	;0.800013
121	;1.39791	;1.69895	;0.800013
122	;1.39791	;1.69895	;0.800013
123	;1.39791	;1.69895	;0.800013
124	;1.39791	;1.69895	;0.800013
125	;1.39791	;1.69895	;0.800013
126	;1.39791	;1.69895	;0.800013
127	;1.39791	;1.69895	;0.800013
128	;1.39791	;1.69895	;0.800013
129	;1.39791	;1.69895	;0.800013
130	;1.39791	;1.69895	;0.800013
131	;1.39791	;1.69895	;0.800013
132	;1.39791	;1.69895	;0.800013
133	;1.39791	;1.69895	;0.800013
134	;1.39791	;1.69895	;0.800013
135	;1.39791	;1.69895	;0.800013
136	;1.39791	;1.69895	;0.800013
137	;1.39791	;1.69895	;0.800013
138	;1.39791	;1.69895	;0.800013
139	;1.39791	;1.69895	;0.800013
140	;1.39791	;1.69895	;0.800013
141	;1.39791	;1.69895	;0.800013
142	;1.39791	;1.69895	;0.800013
143	;1.39791	;1.69895	;0.800013
144	;1.39791	;1.69895	;0.800013
145	;1.39791	;1.69895	;0.800013
146	;1.39791	;1.69895	;0.800013
147	;1.39791	;1.69895	;0.800013
148	;1.39803	;1.69901	;0.800007
149	;1.39803	;1.69901	;0.800007
150	;1.39803	;1.69901	;0.800007

1	;1.67499	;1.62681	;1.21808
2	;1.4127	;1.63076	;0.925909
3	;1.38489	;1.62011	;0.922346
4	;1.36583	;1.6709	;0.821237
5	;1.36583	;1.6709	;0.821237
6	;1.36583	;1.6709	;0.821237
7	;1.34295	;1.66652	;0.812309
8	;1.40745	;1.69898	;0.807643
9	;1.40745	;1.69898	;0.807643
10	;1.40745	;1.69898	;0.807643
11	;1.39644	;1.69641	;0.802919
12	;1.39644	;1.69641	;0.802919
13	;1.39644	;1.69641	;0.802919
14	;1.39644	;1.69641	;0.802919
15	;1.39644	;1.69641	;0.802919
16	;1.39644	;1.69641	;0.802919
17	;1.3698	;1.68461	;0.801603
18	;1.3698	;1.68461	;0.801603
19	;1.3698	;1.68461	;0.801603
20	;1.3698	;1.68461	;0.801603
21	;1.3698	;1.68461	;0.801603
22	;1.3698	;1.68461	;0.801603
23	;1.3698	;1.68461	;0.801603
24	;1.3698	;1.68461	;0.801603
25	;1.3698	;1.68461	;0.801603
26	;1.3698	;1.68461	;0.801603
27	;1.3698	;1.68461	;0.801603
28	;1.3698	;1.68461	;0.801603
29	;1.3698	;1.68461	;0.801603
30	;1.3698	;1.68461	;0.801603
31	;1.3698	;1.68461	;0.801603
32	;1.3698	;1.68461	;0.801603
33	;1.3698	;1.68461	;0.801603
34	;1.3698	;1.68461	;0.801603
35	;1.3698	;1.68461	;0.801603
36	;1.3698	;1.68461	;0.801603
37	;1.3698	;1.68461	;0.801603
38	;1.3698	;1.68461	;0.801603
39	;1.3698	;1.68461	;0.801603
40	;1.3698	;1.68461	;0.801603
41	;1.3698	;1.68461	;0.801603
42	;1.3698	;1.68461	;0.801603
43	;1.39753	;1.69816	;0.800973
44	;1.39753	;1.69816	;0.800973
45	;1.39753	;1.69816	;0.800973
46	;1.39753	;1.69816	;0.800973
47	;1.39753	;1.69816	;0.800973
48	;1.39753	;1.69816	;0.800973
49	;1.39753	;1.69816	;0.800973
50	;1.39753	;1.69816	;0.800973
51	;1.39753	;1.69816	;0.800973
52	;1.39753	;1.69816	;0.800973
53	;1.39753	;1.69816	;0.800973
54	;1.39753	;1.69816	;0.800973
55	;1.39753	;1.69816	;0.800973
56	;1.38577	;1.69266	;0.80062
57	;1.38577	;1.69266	;0.80062
58	;1.38577	;1.69266	;0.80062
59	;1.38577	;1.69266	;0.80062
60	;1.38577	;1.69266	;0.80062
61	;1.38577	;1.69266	;0.80062
62	;1.38577	;1.69266	;0.80062
63	;1.38577	;1.69266	;0.80062
64	;1.38577	;1.69266	;0.80062
65	;1.38577	;1.69266	;0.80062
66	;1.38577	;1.69266	;0.80062
67	;1.38577	;1.69266	;0.80062
68	;1.38577	;1.69266	;0.80062
69	;1.38577	;1.69266	;0.80062
70	;1.38577	;1.69266	;0.80062
71	;1.38577	;1.69266	;0.80062
72	;1.38577	;1.69266	;0.80062
73	;1.38577	;1.69266	;0.80062
74	;1.38577	;1.69266	;0.80062
75	;1.38577	;1.69266	;0.80062
76	;1.38577	;1.69266	;0.80062
77	;1.38577	;1.69266	;0.80062
78	;1.38577	;1.69266	;0.80062
79	;1.38577	;1.69266	;0.80062
80	;1.38577	;1.69266	;0.80062
81	;1.38577	;1.69266	;0.80062
82	;1.38577	;1.69266	;0.80062
83	;1.38577	;1.69266	;0.80062
84	;1.38577	;1.69266	;0.80062
85	;1.38577	;1.69266	;0.80062
86	;1.38577	;1.69266	;0.80062
87	;1.38577	;1.69266	;0.80062
88	;1.38577	;1.69266	;0.80062
89	;1.38577	;1.69266	;0.80062
90	;1.38577	;1.69266	;0.80062
91	;1.38577	;1.69266	;0.80062
92	;1.38577	;1.69266	;0.80062
93	;1.38577	;1.69266	;0.80062
94	;1.38577	;1.69266	;0.80062
95	;1.38577	;1.69266	;0.80062
96	;1.38577	;1.69266	;0.80062
97	;1.38577	;1.69266	;0.80062
98	;1.38577	;1.69266	;0.80062
99	;1.38577	;1.69266	;0.80062
100	;1.38577	;1.69266	;0.80062
101	;1.38577	;1.69266	;0.80062
102	;1.38577	;1.69266	;0.80062
103	;1.38577	;1.69266	;0.80062
104	;1.38577	;1.69266	;0.80062
105	;1.38577	;1.69266	;0.80062
106	;1.38577	;1.69266	;0.80062
107	;1.38577	;1.69266	;0.80062
108	;1.38577	;1.69266	;0.80062
109	;1.38577	;1.69266	;0.80062
110	;1.38577	;1.69266	;0.80062
111	;1.38577	;1.69266	;0.80062
112	;1.38577	;1.69266	;0.80062
113	;1.38577	;1.69266	;0.80062
114	;1.38577	;1.69266	;0.80062
115	;1.38577	;1.69266	;0.80062
116	;1.38577	;1.69266	;0.80062
117	;1.38577	;1.69266	;0.80062
118	;1.38577	;1.69266	;0.80062
119	;1.38577	;1.69266	;0.80062
120	;1.38577	;1.69266	;0.80062
121	;1.38577	;1.69266	;0.80062
122	;1.38577	;1.69266	;0.80062
123	;1.38577	;1.69266	;0.80062
124	;1.38577	;1.69266	;0.80062
125	;1.38577	;1.69266	;0.80062
126	;1.38577	;1.69266	;0.80062
127	;1.38577	;1.69266	;0.80062
128	;1.38577	;1.69266	;0.80062
129	;1.38577	;1.69266	;0.80062
130	;1.38577	;1.69266	;0.80062
131	;1.38577	;1.69266	;0.80062
132	;1.38577	;1.69266	;0.80062
133	;1.38577	;1.69266	;0.80062
134	;1.38577	;1.69266	;0.80062
135	;1.38577	;1.69266	;0.80062
136	;1.38577	;1.69266	;0.80062
137	;1.38577	;1.69266	;0.80062
138	;1.38577	;1.69266	;0.80062
139	;1.38577	;1.69266	;0.80062
140	;1.38577	;1.69266	;0.80062
141	;1.38577	;1.69266	;0.80062
142	;1.38577	;1.69266	;0.80062
143	;1.38577	;1.69266	;0.80062
144	;1.38577	;1.69266	;0.80062
145	;1.38577	;1.69266	;0.80062
146	;1.38577	;1.69266	;0.80062
147	;1.38577	;1.69266	;0.80062
148	;1.38577	;1.69266	;0.80062
149	;1.38577	;1.69266	;0.80062
150	;1.38577	;1.69266	;0.80062

1	;1.73736	;1.79054	;1.04703
2	;1.56177	;1.74299	;0.888647
3	;1.58799	;1.78317	;0.859578
4	;1.5202	;1.73578	;0.854645
5	;1.5649	;1.77897	;0.838995
6	;1.50695	;1.75249	;0.815765
7	;1.50695	;1.75249	;0.815765
8	;1.4876	;1.74373	;0.809694
9	;1.4876	;1.74373	;0.809694
10	;1.4876	;1.74373	;0.809694
11	;1.4876	;1.74373	;0.809694
12	;1.4876	;1.74373	;0.809694
13	;1.4876	;1.74373	;0.809694
14	;1.4876	;1.74373	;0.809694
15	;1.4876	;1.74373	;0.809694
16	;1.38062	;1.68698	;0.805869
17	;1.38062	;1.68698	;0.805869
18	;1.39192	;1.69298	;0.804891
19	;1.39799	;1.69802	;0.801564
20	;1.39799	;1.69802	;0.801564
21	;1.39799	;1.69802	;0.801564
22	;1.39799	;1.69802	;0.801564
23	;1.39887	;1.69928	;0.800254
24	;1.39887	;1.69928	;0.800254
25	;1.39887	;1.69928	;0.800254
26	;1.39887	;1.69928	;0.800254
27	;1.39887	;1.69928	;0.800254
28	;1.39864	;1.69927	;0.80009
29	;1.39864	;1.69927	;0.80009
30	;1.39864	;1.69927	;0.80009
31	;1.39864	;1.69927	;0.80009
32	;1.40307	;1.70152	;0.800038
33	;1.40307	;1.70152	;0.800038
34	;1.40307	;1.70152	;0.800038
35	;1.40307	;1.70152	;0.800038
36	;1.40307	;1.70152	;0.800038
37	;1.40307	;1.70152	;0.800038
38	;1.40307	;1.70152	;0.800038
39	;1.40307	;1.70152	;0.800038
40	;1.40307	;1.70152	;0.800038
41	;1.40307	;1.70152	;0.800038
42	;1.40307	;1.70152	;0.800038
43	;1.40307	;1.70152	;0.800038
44	;1.40307	;1.70152	;0.800038
45	;1.40307	;1.70152	;0.800038
46	;1.40307	;1.70152	;0.800038
47	;1.40307	;1.70152	;0.800038
48	;1.40307	;1.70152	;0.800038
49	;1.40307	;1.70152	;0.800038
50	;1.40307	;1.70152	;0.800038
51	;1.40307	;1.70152	;0.800038
52	;1.40307	;1.70152	;0.800038
53	;1.40307	;1.70152	;0.800038
54	;1.40307	;1.70152	;0.800038
55	;1.40307	;1.70152	;0.800038
56	;1.40307	;1.70152	;0.800038
57	;1.40307	;1.70152	;0.800038
58	;1.40307	;1.70152	;0.800038
59	;1.40307	;1.70152	;0.800038
60	;1.40307	;1.70152	;0.800038
61	;1.40307	;1.70152	;0.800038
62	;1.40307	;1.70152	;0.800038
63	;1.40307	;1.70152	;0.800038
64	;1.40307	;1.70152	;0.800038
65	;1.40307	;1.70152	;0.800038
66	;1.40307	;1.70152	;0.800038
67	;1.40307	;1.70152	;0.800038
68	;1.40307	;1.70152	;0.800038
69	;1.40307	;1.70152	;0.800038
70	;1.40307	;1.70152	;0.800038
71	;1.40307	;1.70152	;0.800038
72	;1.40307	;1.70152	;0.800038
73	;1.4029	;1.70145	;0.800011
74	;1.4029	;1.70145	;0.800011
75	;1.4029	;1.70145	;0.800011
76	;1.4029	;1.70145	;0.800011
77	;1.4029	;1.70145	;0.800011
78	;1.4029	;1.70145	;0.800011
79	;1.4029	;1.70145	;0.800011
80	;1.4029	;1.70145	;0.800011
81	;1.4029	;1.70145	;0.800011
82	;1.4029	;1.70145	;0.800011
83	;1.4029	;1.70145	;0.800011
84	;1.4029	;1.70145	;0.800011
85	;1.4029	;1.70145	;0.800011
86	;1.4029	;1.70145	;0.800011
87	;1.4029	;1.70145	;0.800011
88	;1.4029	;1.70145	;0.800011
89	;1.4029	;1.70145	;0.800011
90	;1.4029	;1.70145	;0.800011
91	;1.4029	;1.70145	;0.800011
92	;1.4029	;1.70145	;0.800011
93	;1.4029	;1.70145	;0.800011
94	;1.4029	;1.70145	;0.800011
95	;1.4029	;1.70145	;0.800011
96	;1.4029	;1.70145	;0.800011
97	;1.4029	;1.70145	;0.800011
98	;1.4029	;1.70145	;0.800011
99	;1.4029	;1.70145	;0.800011
100	;1.4029	;1.70145	;0.800011
101	;1.4029	;1.70145	;0.800011
102	;1.4029	;1.70145	;0.800011
103	;1.4029	;1.70145	;0.800011
104	;1.4029	;1.70145	;0.800011
105	;1.4029	;1.70145	;0.800011
106	;1.4029	;1.70145	;0.800011
107	;1.4029	;1.70145	;0.800011
108	;1.4029	;1.70145	;0.800011
109	;1.4029	;1.70145	;0.800011
110	;1.4029	;1.70145	;0.800011
111	;1.4029	;1.70145	;0.800011
112	;1.4029	;1.70145	;0.800011
113	;1.4029	;1.70145	;0.800011
114	;1.4029	;1.70145	;0.800011
115	;1.4029	;1.70145	;0.800011
116	;1.4029	;1.70145	;0.800011
117	;1.4029	;1.70145	;0.800011
118	;1.4029	;1.70145	;0.800011
119	;1.4029	;1.70145	;0.800011
120	;1.4029	;1.70145	;0.800011
121	;1.4029	;1.70145	;0.800011
122	;1.4029	;1.70145	;0.800011
123	;1.4029	;1.70145	;0.800011
124	;1.4029	;1.70145	;0.800011
125	;1.4029	;1.70145	;0.800011
126	;1.4029	;1.70145	;0.800011
127	;1.4029	;1.70145	;0.800011
128	;1.4029	;1.70145	;0.800011
129	;1.4029	;1.70145	;0.800011
130	;1.4029	;1.70145	;0.800011
131	;1.4029	;1.70145	;0.800011
132	;1.4029	;1.70145	;0.800011
133	;1.4029	;1.70145	;0.800011
134	;1.4029	;1.70145	;0.800011
135	;1.4029	;1.70145	;0.800011
136	;1.4029	;1.70145	;0.800011
137	;1.4029	;1.70145	;0.800011
138	;1.4029	;1.70145	;0.800011
139	;1.4029	;1.70145	;0.800011
140	;1.4029	;1.70145	;0.800011
141	;1.4029	;1.70145	;0.800011
142	;1.4029	;1.70145	;0.800011
143	;1.4029	;1.70145	;0.800011
144	;1.4029	;1.70145	;0.800011
145	;1.4029	;1.70145	;0.800011
146	;1.4029	;1.70145	;0.800011
147	;1.4029	;1.70145	;0.800011
148	;1.4029	;1.70145	;0.800011
149	;1.4029	;1.70145	;0.800011
150	;1.4029	;1.70145	;0.800011

1	;1.25715	;1.53909	;0.989481
2	;1.24508	;1.60568	;0.85987
3	;1.24508	;1.60568	;0.85987
4	;1.2407	;1.61999	;0.83235
5	;1.33804	;1.65296	;0.831746
6	;1.35028	;1.67366	;0.805532
7	;1.39773	;1.69567	;0.805139
8	;1.39773	;1.69567	;0.805139
9	;1.39773	;1.69567	;0.805139
10	;1.40649	;1.70179	;0.802372
11	;1.40649	;1.70179	;0.802372
12	;1.40649	;1.70179	;0.802372
13	;1.40649	;1.70179	;0.802372
14	;1.39955	;1.69872	;0.801681
15	;1.38928	;1.69437	;0.800589
16	;1.38928	;1.69437	;0.800589
17	;1.38928	;1.69437	;0.800589
18	;1.38928	;1.69437	;0.800589
19	;1.38928	;1.69437	;0.800589
20	;1.38928	;1.69437	;0.800589
21	;1.38928	;1.69437	;0.800589
22	;1.38928	;1.69437	;0.800589
23	;1.38577	;1.69285	;0.80031
24	;1.38577	;1.69285	;0.80031
25	;1.38577	;1.69285	;0.80031
26	;1.38577	;1.69285	;0.80031
27	;1.38577	;1.69285	;0.80031
28	;1.38577	;1.69285	;0.80031
29	;1.38577	;1.69285	;0.80031
30	;1.38577	;1.69285	;0.80031
31	;1.38577	;1.69285	;0.80031
32	;1.38577	;1.69285	;0.80031
33	;1.38577	;1.69285	;0.80031
34	;1.38577	;1.69285	;0.80031
35	;1.38577	;1.69285	;0.80031
36	;1.38577	;1.69285	;0.80031
37	;1.38577	;1.69285	;0.80031
38	;1.39808	;1.69898	;0.800104
39	;1.39808	;1.69898	;0.800104
40	;1.39808	;1.69898	;0.800104
41	;1.39808	;1.69898	;0.800104
42	;1.39808	;1.69898	;0.800104
43	;1.39808	;1.69898	;0.800104
44	;1.39808	;1.69898	;0.800104
45	;1.39808	;1.69898	;0.800104
46	;1.39808	;1.69898	;0.800104
47	;1.39808	;1.69898	;0.800104
48	;1.39808	;1.69898	;0.800104
49	;1.39808	;1.69898	;0.800104
50	;1.39808	;1.69898	;0.800104
51	;1.39808	;1.69898	;0.800104
52	;1.39808	;1.69898	;0.800104
53	;1.39808	;1.69898	;0.800104
54	;1.39808	;1.69898	;0.800104
55	;1.39808	;1.69898	;0.800104
56	;1.39808	;1.69898	;0.800104
57	;1.39808	;1.69898	;0.800104
58	;1.39808	;1.69898	;0.800104
59	;1.39808	;1.69898	;0.800104
60	;1.39808	;1.69898	;0.800104
61	;1.39808	;1.69898	;0.800104
62	;1.39808	;1.69898	;0.800104
63	;1.39808	;1.69898	;0.800104
64	;1.39808	;1.69898	;0.800104
65	;1.39808	;1.69898	;0.800104
66	;1.39808	;1.69898	;0.800104
67	;1.39808	;1.69898	;0.800104
68	;1.39808	;1.69898	;0.800104
69	;1.39808	;1.69898	;0.800104
70	;1.39808	;1.69898	;0.800104
71	;1.39808	;1.69898	;0.800104
72	;1.39808	;1.69898	;0.800104
73	;1.39808	;1.69898	;0.800104
74	;1.39808	;1.69898	;0.800104
75	;1.39808	;1.69898	;0.800104
76	;1.39808	;1.69898	;0.800104
77	;1.39808	;1.69898	;0.800104
78	;1.39808	;1.69898	;0.800104
79	;1.39808	;1.69898	;0.800104
80	;1.39808	;1.69898	;0.800104
81	;1.40704	;1.70352	;0.800069
82	;1.40704	;1.70352	;0.800069
83	;1.40704	;1.70352	;0.800069
84	;1.40704	;1.70352	;0.800069
85	;1.40704	;1.70352	;0.800069
86	;1.40704	;1.70352	;0.800069
87	;1.40704	;1.70352	;0.800069
88	;1.40704	;1.70352	;0.800069
89	;1.40704	;1.70352	;0.800069
90	;1.40704	;1.70352	;0.800069
91	;1.40704	;1.70352	;0.800069
92	;1.40704	;1.70352	;0.800069
93	;1.40704	;1.70352	;0.800069
94	;1.40704	;1.70352	;0.800069
95	;1.40704	;1.70352	;0.800069
96	;1.40704	;1.70352	;0.800069
97	;1.40704	;1.70352	;0.800069
98	;1.40704	;1.70352	;0.800069
99	;1.40704	;1.70352	;0.800069
100	;1.40704	;1.70352	;0.800069
101	;1.40704	;1.70352	;0.800069
102	;1.40704	;1.70352	;0.800069
103	;1.40704	;1.70352	;0.800069
104	;1.40704	;1.70352	;0.800069
105	;1.40704	;1.70352	;0.800069
106	;1.40704	;1.70352	;0.800069
107	;1.40704	;1.70352	;0.800069
108	;1.40704	;1.70352	;0.800069
109	;1.40704	;1.70352	;0.800069
110	;1.40704	;1.70352	;0.800069
111	;1.40704	;1.70352	;0.800069
112	;1.40704	;1.70352	;0.800069
113	;1.40704	;1.70352	;0.800069
114	;1.40704	;1.70352	;0.800069
115	;1.40704	;1.70352	;0.800069
116	;1.40704	;1.70352	;0.800069
117	;1.40704	;1.70352	;0.800069
118	;1.40704	;1.70352	;0.800069
119	;1.40704	;1.70352	;0.800069
120	;1.40704	;1.70352	;0.800069
121	;1.4013	;1.70062	;0.800042
122	;1.4013	;1.70062	;0.800042
123	;1.4013	;1.70062	;0.800042
124	;1.4013	;1.70062	;0.800042
125	;1.4013	;1.70062	;0.800042
126	;1.4013	;1.70062	;0.800042
127	;1.4013	;1.70062	;0.800042
128	;1.4013	;1.70062	;0.800042
129	;1.4013	;1.70062	;0.800042
130	;1.4013	;1.70062	;0.800042
131	;1.4013	;1.70062	;0.800042
132	;1.4013	;1.70062	;0.800042
133	;1.4013	;1.70062	;0.800042
134	;1.4013	;1.70062	;0.800042
135	;1.4013	;1.70062	;0.800042
136	;1.4013	;1.70062	;0.800042
137	;1.4013	;1.70062	;0.800042
138	;1.4013	;1.70062	;0.800042
139	;1.4013	;1.70062	;0.800042
140	;1.4013	;1.70062	;0.800042
141	;1.4013	;1.70062	;0.800042
142	;1.4013	;1.70062	;0.800042
143	;1.4013	;1.70062	;0.800042
144	;1.4013	;1.70062	;0.800042
145	;1.4013	;1.70062	;0.800042
146	;1.4013	;1.70062	;0.800042
147	;1.4013	;1.70062	;0.800042
148	;1.4013	;1.70062	;0.800042
149	;1.4013	;1.70062	;0.800042
150	;1.4013	;1.70062	;0.800042

1	;1.50629	;1.6875	;0.916479
2	;1.50629	;1.6875	;0.916479
3	;1.60723	;1.78213	;0.884073
4	;1.60723	;1.78213	;0.884073
5	;1.49961	;1.73862	;0.829308
6	;1.50148	;1.74915	;0.815254
7	;1.50148	;1.74915	;0.815254
8	;1.50148	;1.74915	;0.815254
9	;1.50148	;1.74915	;0.815254
10	;1.49655	;1.7459	;0.815229
11	;1.49655	;1.7459	;0.815229
12	;1.49655	;1.7459	;0.815229
13	;1.49655	;1.7459	;0.815229
14	;1.49655	;1.7459	;0.815229
15	;1.49655	;1.7459	;0.815229
16	;1.49655	;1.7459	;0.815229
17	;1.49655	;1.7459	;0.815229
18	;1.35435	;1.67425	;0.807433
19	;1.35435	;1.67425	;0.807433
20	;1.3488	;1.67396	;0.804011
21	;1.3488	;1.67396	;0.804011
22	;1.3488	;1.67396	;0.804011
23	;1.3488	;1.67396	;0.804011
24	;1.3488	;1.67396	;0.804011
25	;1.3488	;1.67396	;0.804011
26	;1.3488	;1.67396	;0.804011
27	;1.3488	;1.67396	;0.804011
28	;1.3488	;1.67396	;0.804011
29	;1.3488	;1.67396	;0.804011
30	;1.3488	;1.67396	;0.804011
31	;1.3488	;1.67396	;0.804011
32	;1.3488	;1.67396	;0.804011
33	;1.3488	;1.67396	;0.804011
34	;1.3488	;1.67396	;0.804011
35	;1.3488	;1.67396	;0.804011
36	;1.3488	;1.67396	;0.804011
37	;1.3488	;1.67396	;0.804011
38	;1.3488	;1.67396	;0.804011
39	;1.3488	;1.67396	;0.804011
40	;1.3488	;1.67396	;0.804011
41	;1.3488	;1.67396	;0.804011
42	;1.3488	;1.67396	;0.804011
43	;1.3488	;1.67396	;0.804011
44	;1.3488	;1.67396	;0.804011
45	;1.3488	;1.67396	;0.804011
46	;1.3488	;1.67396	;0.804011
47	;1.3488	;1.67396	;0.804011
48	;1.36003	;1.67949	;0.802865
49	;1.36003	;1.67949	;0.802865
50	;1.36003	;1.67949	;0.802865
51	;1.36003	;1.67949	;0.802865
52	;1.36003	;1.67949	;0.802865
53	;1.36003	;1.67949	;0.802865
54	;1.36003	;1.67949	;0.802865
55	;1.36003	;1.67949	;0.802865
56	;1.39951	;1.69859	;0.801872
57	;1.39951	;1.69859	;0.801872
58	;1.39951	;1.69859	;0.801872
59	;1.39951	;1.69859	;0.801872
60	;1.39951	;1.69859	;0.801872
61	;1.39951	;1.69859	;0.801872
62	;1.39951	;1.69859	;0.801872
63	;1.39951	;1.69859	;0.801872
64	;1.4166	;1.70764	;0.801389
65	;1.4166	;1.70764	;0.801389
66	;1.4166	;1.70764	;0.801389
67	;1.4166	;1.70764	;0.801389
68	;1.4166	;1.70764	;0.801389
69	;1.4166	;1.70764	;0.801389
70	;1.4166	;1.70764	;0.801389
71	;1.4166	;1.70764	;0.801389
72	;1.4166	;1.70764	;0.801389
73	;1.37566	;1.68759	;0.801128
74	;1.37566	;1.68759	;0.801128
75	;1.37566	;1.68759	;0.801128
76	;1.37566	;1.68759	;0.801128
77	;1.37566	;1.68759	;0.801128
78	;1.37566	;1.68759	;0.801128
79	;1.37566	;1.68759	;0.801128
80	;1.37566	;1.68759	;0.801128
81	;1.37566	;1.68759	;0.801128
82	;1.37566	;1.68759	;0.801128
83	;1.37566	;1.68759	;0.801128
84	;1.37566	;1.68759	;0.801128
85	;1.37566	;1.68759	;0.801128
86	;1.37566	;1.68759	;0.801128
87	;1.37566	;1.68759	;0.801128
88	;1.37566	;1.68759	;0.801128
89	;1.37566	;1.68759	;0.801128
90	;1.37566	;1.68759	;0.801128
91	;1.37566	;1.68759	;0.801128
92	;1.37566	;1.68759	;0.801128
93	;1.37566	;1.68759	;0.801128
94	;1.37566	;1.68759	;0.801128
95	;1.37566	;1.68759	;0.801128
96	;1.37566	;1.68759	;0.801128
97	;1.37566	;1.68759	;0.801128
98	;1.37566	;1.68759	;0.801128
99	;1.37566	;1.68759	;0.801128
100	;1.37566	;1.68759	;0.801128
101	;1.37566	;1.68759	;0.801128
102	;1.37566	;1.68759	;0.801128
103	;1.37566	;1.68759	;0.801128
104	;1.37566	;1.68759	;0.801128
105	;1.37566	;1.68759	;0.801128
106	;1.37566	;1.68759	;0.801128
107	;1.37566	;1.68759	;0.801128
108	;1.37566	;1.68759	;0.801128
109	;1.37566	;1.68759	;0.801128
110	;1.37566	;1.68759	;0.801128
111	;1.37566	;1.68759	;0.801128
112	;1.37566	;1.68759	;0.801128
113	;1.37566	;1.68759	;0.801128
114	;1.37566	;1.68759	;0.801128
115	;1.37566	;1.68759	;0.801128
116	;1.37566	;1.68759	;0.801128
117	;1.37566	;1.68759	;0.801128
118	;1.37566	;1.68759	;0.801128
119	;1.37566	;1.68759	;0.801128
120	;1.37566	;1.68759	;0.801128
121	;1.37566	;1.68759	;0.801128
122	;1.37566	;1.68759	;0.801128
123	;1.40761	;1.70349	;0.800583
124	;1.40761	;1.70349	;0.800583
125	;1.40761	;1.70349	;0.800583
126	;1.40761	;1.70349	;0.800583
127	;1.40761	;1.70349	;0.800583
128	;1.40761	;1.70349	;0.800583
129	;1.40761	;1.70349	;0.800583
130	;1.40761	;1.70349	;0.800583
131	;1.40761	;1.70349	;0.800583
132	;1.40761	;1.70349	;0.800583
133	;1.40761	;1.70349	;0.800583
134	;1.40761	;1.70349	;0.800583
135	;1.40761	;1.70349	;0.800583
136	;1.40761	;1.70349	;0.800583
137	;1.40761	;1.70349	;0.800583
138	;1.40761	;1.70349	;0.800583
139	;1.40761	;1.70349	;0.800583
140	;1.40761	;1.70349	;0.800583
141	;1.40761	;1.70349	;0.800583
142	;1.40761	;1.70349	;0.800583
143	;1.40761	;1.70349	;0.800583
144	;1.40761	;1.70349	;0.800583
145	;1.40761	;1.70349	;0.800583
146	;1.40761	;1.70349	;0.800583
147	;1.40761	;1.70349	;0.800583
148	;1.40761	;1.70349	;0.800583
149	;1.40761	;1.70349	;0.800583
150	;1.40761	;1.70349	;0.800583

