1	;26	;17	;15	;14	;18813.8
2	;41.9172	;15	;12	;14	;3596.91
3	;41.9172	;15	;12	;14	;3596.91
4	;41.9172	;15	;12	;14	;3596.91
5	;41.9172	;15	;12	;14	;3596.91
6	;41.9172	;15	;12	;14	;3596.91
7	;41.9172	;15	;12	;14	;3596.91
8	;41.9172	;15	;12	;14	;3596.91
9	;41.9172	;15	;12	;14	;3596.91
10	;41.9172	;15	;12	;14	;3596.91
11	;41.9172	;15	;12	;14	;3596.91
12	;41.9172	;15	;12	;14	;3596.91
13	;41.9172	;15	;12	;14	;3596.91
14	;41.9172	;15	;12	;14	;3596.91
15	;41.9172	;15	;12	;14	;3596.91
16	;41.9172	;15	;12	;14	;3596.91
17	;41.9172	;15	;12	;14	;3596.91
18	;41.9172	;15	;12	;14	;3596.91
19	;41.9172	;15	;12	;14	;3596.91
20	;41.9172	;15	;12	;14	;3596.91
21	;42	;15	;12	;14	;3582.71
22	;42	;15	;12	;14	;3582.71
23	;42	;15	;12	;14	;3582.71
24	;42	;15	;12	;14	;3582.71
25	;42	;15	;12	;14	;3582.71
26	;42	;15	;12	;14	;3582.71
27	;42	;15	;12	;14	;3582.71
28	;42	;15	;12	;14	;3582.71
29	;42	;15	;12	;14	;3582.71
30	;42	;15	;12	;14	;3582.71
31	;42	;15	;12	;14	;3582.71
32	;42	;15	;12	;14	;3582.71
33	;42	;15	;12	;14	;3582.71
34	;45	;13	;12	;15	;2689.02
35	;45	;13	;12	;15	;2689.02
36	;45	;13	;12	;15	;2689.02
37	;45	;13	;12	;15	;2689.02
38	;45	;13	;12	;15	;2689.02
39	;45	;13	;12	;15	;2689.02
40	;45	;13	;12	;15	;2689.02
41	;45	;13	;12	;15	;2689.02
42	;45	;13	;12	;15	;2689.02
43	;45	;13	;12	;15	;2689.02
44	;45	;13	;12	;15	;2689.02
45	;45	;13	;12	;15	;2689.02
46	;45	;13	;12	;14	;2341.5
47	;45	;13	;12	;14	;2341.5
48	;45	;13	;12	;14	;2341.5
49	;47	;13	;12	;14	;2145.89
50	;47	;13	;12	;14	;2145.89
51	;47	;13	;12	;14	;2145.89
52	;47	;13	;12	;14	;2145.89
53	;47	;13	;12	;14	;2145.89
54	;47	;13	;12	;14	;2145.89
55	;47	;13	;12	;14	;2145.89
56	;47	;13	;12	;14	;2145.89
57	;47	;13	;12	;14	;2145.89
58	;47	;13	;12	;14	;2145.89
59	;47	;13	;12	;14	;2145.89
60	;47	;13	;12	;14	;2145.89
61	;47	;13	;12	;14	;2145.89
62	;52	;12	;14	;14	;2032.79
63	;52	;12	;14	;14	;2032.79
64	;52	;12	;14	;14	;2032.79
65	;52	;12	;13	;14	;1751.9
66	;52	;12	;12	;13	;1285.63
67	;52	;12	;12	;13	;1285.63
68	;52	;12	;12	;13	;1285.63
69	;52	;12	;12	;13	;1285.63
70	;52	;12	;12	;13	;1285.63
71	;52	;12	;12	;13	;1285.63
72	;52	;12	;12	;13	;1285.63
73	;52	;12	;12	;13	;1285.63
74	;52	;12	;12	;13	;1285.63
75	;52	;12	;12	;13	;1285.63
76	;52	;12	;12	;13	;1285.63
77	;52	;12	;12	;13	;1285.63
78	;52	;12	;12	;13	;1285.63
79	;52	;12	;12	;13	;1285.63
80	;52	;12	;12	;12	;1094.72
81	;52	;12	;12	;12	;1094.72
82	;52	;12	;12	;12	;1094.72
83	;56	;12	;12	;12	;943.28
84	;56	;12	;12	;12	;943.28
85	;56	;12	;12	;12	;943.28
86	;57	;12	;12	;12	;910.32
87	;57	;12	;12	;12	;910.32
88	;57	;12	;12	;12	;910.32
89	;57	;12	;12	;12	;910.32
90	;57	;12	;12	;12	;910.32
91	;57	;12	;12	;12	;910.32
92	;59	;12	;12	;12	;849.364
93	;60	;12	;12	;12	;821.15
94	;60	;12	;12	;12	;821.15
95	;60	;12	;12	;12	;821.15
96	;60	;12	;12	;12	;821.15
97	;60	;12	;12	;12	;821.15
98	;60	;12	;12	;12	;821.15
99	;60	;12	;12	;12	;821.15
100	;60	;12	;12	;12	;821.15
101	;60	;12	;12	;12	;821.15
102	;60	;12	;12	;12	;821.15
103	;60	;12	;12	;12	;821.15
104	;60	;12	;12	;12	;821.15
105	;60	;12	;12	;12	;821.15
106	;60	;12	;12	;12	;821.15
107	;60	;12	;12	;12	;821.15
108	;60	;12	;12	;12	;821.15
109	;60	;12	;12	;12	;821.15
110	;60	;12	;12	;12	;821.15
111	;60	;12	;12	;12	;821.15
112	;60	;12	;12	;12	;821.15
113	;60	;12	;12	;12	;821.15
114	;60	;12	;12	;12	;821.15
115	;60	;12	;12	;12	;821.15
116	;60	;12	;12	;12	;821.15
117	;60	;12	;12	;12	;821.15
118	;60	;12	;12	;12	;821.15
119	;60	;12	;12	;12	;821.15
120	;60	;12	;12	;12	;821.15
121	;60	;12	;12	;12	;821.15
122	;60	;12	;12	;12	;821.15
123	;60	;12	;12	;12	;821.15
124	;60	;12	;12	;12	;821.15
125	;60	;12	;12	;12	;821.15
126	;60	;12	;12	;12	;821.15
127	;60	;12	;12	;12	;821.15
128	;60	;12	;12	;12	;821.15
129	;60	;12	;12	;12	;821.15
130	;60	;12	;12	;12	;821.15
131	;60	;12	;12	;12	;821.15
132	;60	;12	;12	;12	;821.15
133	;60	;12	;12	;12	;821.15
134	;60	;12	;12	;12	;821.15
135	;60	;12	;12	;12	;821.15
136	;60	;12	;12	;12	;821.15
137	;60	;12	;12	;12	;821.15
138	;60	;12	;12	;12	;821.15
139	;60	;12	;12	;12	;821.15
140	;60	;12	;12	;12	;821.15
141	;60	;12	;12	;12	;821.15
142	;60	;12	;12	;12	;821.15
143	;60	;12	;12	;12	;821.15
144	;60	;12	;12	;12	;821.15
145	;60	;12	;12	;12	;821.15
146	;60	;12	;12	;12	;821.15
147	;60	;12	;12	;12	;821.15
148	;60	;12	;12	;12	;821.15
149	;60	;12	;12	;12	;821.15
150	;60	;12	;12	;12	;821.15

1	;53	;23	;14	;21	;16241.1
2	;56	;13	;12	;21	;3405.39
3	;60	;15	;13	;13	;1772.89
4	;58	;15	;12	;12	;1376.19
5	;58	;15	;12	;12	;1376.19
6	;58	;15	;12	;12	;1376.19
7	;58	;15	;12	;12	;1376.19
8	;58	;15	;12	;12	;1376.19
9	;59	;15	;12	;12	;1329.76
10	;56	;14	;12	;12	;1285.63
11	;59	;14	;12	;12	;1157.72
12	;59	;14	;12	;12	;1157.72
13	;60	;14	;12	;12	;1119.29
14	;60	;14	;12	;12	;1119.29
15	;59	;13	;12	;12	;997.583
16	;59	;12	;12	;12	;849.364
17	;59	;12	;12	;12	;849.364
18	;60	;12	;12	;12	;821.15
19	;60	;12	;12	;12	;821.15
20	;60	;12	;12	;12	;821.15
21	;60	;12	;12	;12	;821.15
22	;60	;12	;12	;12	;821.15
23	;60	;12	;12	;12	;821.15
24	;60	;12	;12	;12	;821.15
25	;60	;12	;12	;12	;821.15
26	;60	;12	;12	;12	;821.15
27	;60	;12	;12	;12	;821.15
28	;60	;12	;12	;12	;821.15
29	;60	;12	;12	;12	;821.15
30	;60	;12	;12	;12	;821.15
31	;60	;12	;12	;12	;821.15
32	;60	;12	;12	;12	;821.15
33	;60	;12	;12	;12	;821.15
34	;60	;12	;12	;12	;821.15
35	;60	;12	;12	;12	;821.15
36	;60	;12	;12	;12	;821.15
37	;60	;12	;12	;12	;821.15
38	;60	;12	;12	;12	;821.15
39	;60	;12	;12	;12	;821.15
40	;60	;12	;12	;12	;821.15
41	;60	;12	;12	;12	;821.15
42	;60	;12	;12	;12	;821.15
43	;60	;12	;12	;12	;821.15
44	;60	;12	;12	;12	;821.15
45	;60	;12	;12	;12	;821.15
46	;60	;12	;12	;12	;821.15
47	;60	;12	;12	;12	;821.15
48	;60	;12	;12	;12	;821.15
49	;60	;12	;12	;12	;821.15
50	;60	;12	;12	;12	;821.15
51	;60	;12	;12	;12	;821.15
52	;60	;12	;12	;12	;821.15
53	;60	;12	;12	;12	;821.15
54	;60	;12	;12	;12	;821.15
55	;60	;12	;12	;12	;821.15
56	;60	;12	;12	;12	;821.15
57	;60	;12	;12	;12	;821.15
58	;60	;12	;12	;12	;821.15
59	;60	;12	;12	;12	;821.15
60	;60	;12	;12	;12	;821.15
61	;60	;12	;12	;12	;821.15
62	;60	;12	;12	;12	;821.15
63	;60	;12	;12	;12	;821.15
64	;60	;12	;12	;12	;821.15
65	;60	;12	;12	;12	;821.15
66	;60	;12	;12	;12	;821.15
67	;60	;12	;12	;12	;821.15
68	;60	;12	;12	;12	;821.15
69	;60	;12	;12	;12	;821.15
70	;60	;12	;12	;12	;821.15
71	;60	;12	;12	;12	;821.15
72	;60	;12	;12	;12	;821.15
73	;60	;12	;12	;12	;821.15
74	;60	;12	;12	;12	;821.15
75	;60	;12	;12	;12	;821.15
76	;60	;12	;12	;12	;821.15
77	;60	;12	;12	;12	;821.15
78	;60	;12	;12	;12	;821.15
79	;60	;12	;12	;12	;821.15
80	;60	;12	;12	;12	;821.15
81	;60	;12	;12	;12	;821.15
82	;60	;12	;12	;12	;821.15
83	;60	;12	;12	;12	;821.15
84	;60	;12	;12	;12	;821.15
85	;60	;12	;12	;12	;821.15
86	;60	;12	;12	;12	;821.15
87	;60	;12	;12	;12	;821.15
88	;60	;12	;12	;12	;821.15
89	;60	;12	;12	;12	;821.15
90	;60	;12	;12	;12	;821.15
91	;60	;12	;12	;12	;821.15
92	;60	;12	;12	;12	;821.15
93	;60	;12	;12	;12	;821.15
94	;60	;12	;12	;12	;821.15
95	;60	;12	;12	;12	;821.15
96	;60	;12	;12	;12	;821.15
97	;60	;12	;12	;12	;821.15
98	;60	;12	;12	;12	;821.15
99	;60	;12	;12	;12	;821.15
100	;60	;12	;12	;12	;821.15
101	;60	;12	;12	;12	;821.15
102	;60	;12	;12	;12	;821.15
103	;60	;12	;12	;12	;821.15
104	;60	;12	;12	;12	;821.15
105	;60	;12	;12	;12	;821.15
106	;60	;12	;12	;12	;821.15
107	;60	;12	;12	;12	;821.15
108	;60	;12	;12	;12	;821.15
109	;60	;12	;12	;12	;821.15
110	;60	;12	;12	;12	;821.15
111	;60	;12	;12	;12	;821.15
112	;60	;12	;12	;12	;821.15
113	;60	;12	;12	;12	;821.15
114	;60	;12	;12	;12	;821.15
115	;60	;12	;12	;12	;821.15
116	;60	;12	;12	;12	;821.15
117	;60	;12	;12	;12	;821.15
118	;60	;12	;12	;12	;821.15
119	;60	;12	;12	;12	;821.15
120	;60	;12	;12	;12	;821.15
121	;60	;12	;12	;12	;821.15
122	;60	;12	;12	;12	;821.15
123	;60	;12	;12	;12	;821.15
124	;60	;12	;12	;12	;821.15
125	;60	;12	;12	;12	;821.15
126	;60	;12	;12	;12	;821.15
127	;60	;12	;12	;12	;821.15
128	;60	;12	;12	;12	;821.15
129	;60	;12	;12	;12	;821.15
130	;60	;12	;12	;12	;821.15
131	;60	;12	;12	;12	;821.15
132	;60	;12	;12	;12	;821.15
133	;60	;12	;12	;12	;821.15
134	;60	;12	;12	;12	;821.15
135	;60	;12	;12	;12	;821.15
136	;60	;12	;12	;12	;821.15
137	;60	;12	;12	;12	;821.15
138	;60	;12	;12	;12	;821.15
139	;60	;12	;12	;12	;821.15
140	;60	;12	;12	;12	;821.15
141	;60	;12	;12	;12	;821.15
142	;60	;12	;12	;12	;821.15
143	;60	;12	;12	;12	;821.15
144	;60	;12	;12	;12	;821.15
145	;60	;12	;12	;12	;821.15
146	;60	;12	;12	;12	;821.15
147	;60	;12	;12	;12	;821.15
148	;60	;12	;12	;12	;821.15
149	;60	;12	;12	;12	;821.15
150	;60	;12	;12	;12	;821.15

1	;34	;12	;15	;19	;10089
2	;34	;12	;15	;19	;10089
3	;37	;15	;12	;15	;5304.02
4	;37	;15	;12	;15	;5304.02
5	;37	;15	;12	;15	;5304.02
6	;36	;14	;13	;13	;4300.47
7	;36	;14	;13	;12	;3662.96
8	;37	;13	;12	;12	;2545.23
9	;37	;13	;12	;12	;2545.23
10	;41	;14.1161	;12.122	;12.1218	;2544.87
11	;41	;14	;12	;12	;2403.59
12	;42	;14	;12	;12	;2290.17
13	;43	;13	;12	;12	;1882.74
14	;43	;12	;12	;12	;1603.34
15	;43	;12	;12	;12	;1603.34
16	;43	;12	;12	;12	;1603.34
17	;43	;12	;12	;12	;1603.34
18	;43	;12	;12	;12	;1603.34
19	;43	;12	;12	;12	;1603.34
20	;43	;12	;12	;12	;1603.34
21	;43	;12	;12	;12	;1603.34
22	;43	;12	;12	;12	;1603.34
23	;43	;12	;12	;12	;1603.34
24	;43	;12	;12	;12	;1603.34
25	;51	;12	;12	;12	;1138.26
26	;57	;12	;12	;12	;910.32
27	;58	;12	;12	;12	;879.053
28	;59	;12	;12	;12	;849.364
29	;59	;12	;12	;12	;849.364
30	;59	;12	;12	;12	;849.364
31	;59	;12	;12	;12	;849.364
32	;59	;12	;12	;12	;849.364
33	;60	;12	;12	;12	;821.15
34	;60	;12	;12	;12	;821.15
35	;60	;12	;12	;12	;821.15
36	;60	;12	;12	;12	;821.15
37	;60	;12	;12	;12	;821.15
38	;60	;12	;12	;12	;821.15
39	;60	;12	;12	;12	;821.15
40	;60	;12	;12	;12	;821.15
41	;60	;12	;12	;12	;821.15
42	;60	;12	;12	;12	;821.15
43	;60	;12	;12	;12	;821.15
44	;60	;12	;12	;12	;821.15
45	;60	;12	;12	;12	;821.15
46	;60	;12	;12	;12	;821.15
47	;60	;12	;12	;12	;821.15
48	;60	;12	;12	;12	;821.15
49	;60	;12	;12	;12	;821.15
50	;60	;12	;12	;12	;821.15
51	;60	;12	;12	;12	;821.15
52	;60	;12	;12	;12	;821.15
53	;60	;12	;12	;12	;821.15
54	;60	;12	;12	;12	;821.15
55	;60	;12	;12	;12	;821.15
56	;60	;12	;12	;12	;821.15
57	;60	;12	;12	;12	;821.15
58	;60	;12	;12	;12	;821.15
59	;60	;12	;12	;12	;821.15
60	;60	;12	;12	;12	;821.15
61	;60	;12	;12	;12	;821.15
62	;60	;12	;12	;12	;821.15
63	;60	;12	;12	;12	;821.15
64	;60	;12	;12	;12	;821.15
65	;60	;12	;12	;12	;821.15
66	;60	;12	;12	;12	;821.15
67	;60	;12	;12	;12	;821.15
68	;60	;12	;12	;12	;821.15
69	;60	;12	;12	;12	;821.15
70	;60	;12	;12	;12	;821.15
71	;60	;12	;12	;12	;821.15
72	;60	;12	;12	;12	;821.15
73	;60	;12	;12	;12	;821.15
74	;60	;12	;12	;12	;821.15
75	;60	;12	;12	;12	;821.15
76	;60	;12	;12	;12	;821.15
77	;60	;12	;12	;12	;821.15
78	;60	;12	;12	;12	;821.15
79	;60	;12	;12	;12	;821.15
80	;60	;12	;12	;12	;821.15
81	;60	;12	;12	;12	;821.15
82	;60	;12	;12	;12	;821.15
83	;60	;12	;12	;12	;821.15
84	;60	;12	;12	;12	;821.15
85	;60	;12	;12	;12	;821.15
86	;60	;12	;12	;12	;821.15
87	;60	;12	;12	;12	;821.15
88	;60	;12	;12	;12	;821.15
89	;60	;12	;12	;12	;821.15
90	;60	;12	;12	;12	;821.15
91	;60	;12	;12	;12	;821.15
92	;60	;12	;12	;12	;821.15
93	;60	;12	;12	;12	;821.15
94	;60	;12	;12	;12	;821.15
95	;60	;12	;12	;12	;821.15
96	;60	;12	;12	;12	;821.15
97	;60	;12	;12	;12	;821.15
98	;60	;12	;12	;12	;821.15
99	;60	;12	;12	;12	;821.15
100	;60	;12	;12	;12	;821.15
101	;60	;12	;12	;12	;821.15
102	;60	;12	;12	;12	;821.15
103	;60	;12	;12	;12	;821.15
104	;60	;12	;12	;12	;821.15
105	;60	;12	;12	;12	;821.15
106	;60	;12	;12	;12	;821.15
107	;60	;12	;12	;12	;821.15
108	;60	;12	;12	;12	;821.15
109	;60	;12	;12	;12	;821.15
110	;60	;12	;12	;12	;821.15
111	;60	;12	;12	;12	;821.15
112	;60	;12	;12	;12	;821.15
113	;60	;12	;12	;12	;821.15
114	;60	;12	;12	;12	;821.15
115	;60	;12	;12	;12	;821.15
116	;60	;12	;12	;12	;821.15
117	;60	;12	;12	;12	;821.15
118	;60	;12	;12	;12	;821.15
119	;60	;12	;12	;12	;821.15
120	;60	;12	;12	;12	;821.15
121	;60	;12	;12	;12	;821.15
122	;60	;12	;12	;12	;821.15
123	;60	;12	;12	;12	;821.15
124	;60	;12	;12	;12	;821.15
125	;60	;12	;12	;12	;821.15
126	;60	;12	;12	;12	;821.15
127	;60	;12	;12	;12	;821.15
128	;60	;12	;12	;12	;821.15
129	;60	;12	;12	;12	;821.15
130	;60	;12	;12	;12	;821.15
131	;60	;12	;12	;12	;821.15
132	;60	;12	;12	;12	;821.15
133	;60	;12	;12	;12	;821.15
134	;60	;12	;12	;12	;821.15
135	;60	;12	;12	;12	;821.15
136	;60	;12	;12	;12	;821.15
137	;60	;12	;12	;12	;821.15
138	;60	;12	;12	;12	;821.15
139	;60	;12	;12	;12	;821.15
140	;60	;12	;12	;12	;821.15
141	;60	;12	;12	;12	;821.15
142	;60	;12	;12	;12	;821.15
143	;60	;12	;12	;12	;821.15
144	;60	;12	;12	;12	;821.15
145	;60	;12	;12	;12	;821.15
146	;60	;12	;12	;12	;821.15
147	;60	;12	;12	;12	;821.15
148	;60	;12	;12	;12	;821.15
149	;60	;12	;12	;12	;821.15
150	;60	;12	;12	;12	;821.15

1	;30	;17	;24	;15	;41557.2
2	;53	;13	;28	;23	;24906.5
3	;59	;14	;18	;20	;7272.58
4	;59	;13	;15	;20	;4350.38
5	;59	;13	;12	;14	;1359.59
6	;59	;13	;12	;14	;1359.59
7	;59	;13	;12	;14	;1359.59
8	;59	;13	;12	;14	;1359.59
9	;59	;13	;12	;12	;997.583
10	;59	;13	;12	;12	;997.583
11	;59	;13	;12	;12	;997.583
12	;59	;13	;12	;12	;997.583
13	;59	;13	;12	;12	;997.583
14	;59	;13	;12	;12	;997.583
15	;59	;13	;12	;12	;997.583
16	;59	;13	;12	;12	;997.583
17	;59	;13	;12	;12	;997.583
18	;59	;13	;12	;12	;997.583
19	;59	;13	;12	;12	;997.583
20	;59	;13	;12	;12	;997.583
21	;59	;13	;12	;12	;997.583
22	;59	;13	;12	;12	;997.583
23	;60	;13	;12	;12	;964.458
24	;60	;13	;12	;12	;964.458
25	;60	;13	;12	;12	;964.458
26	;60	;13	;12	;12	;964.458
27	;60	;13	;12	;12	;964.458
28	;60	;13	;12	;12	;964.458
29	;60	;13	;12	;12	;964.458
30	;60	;13	;12	;12	;964.458
31	;60	;13	;12	;12	;964.458
32	;60	;13	;12	;12	;964.458
33	;60	;13	;12	;12	;964.458
34	;60	;13	;12	;12	;964.458
35	;60	;13	;12	;12	;964.458
36	;60	;13	;12	;12	;964.458
37	;60	;13	;12	;12	;964.458
38	;60	;13	;12	;12	;964.458
39	;60	;13	;12	;12	;964.458
40	;60	;13	;12	;12	;964.458
41	;60	;13	;12	;12	;964.458
42	;60	;13	;12	;12	;964.458
43	;60	;13	;12	;12	;964.458
44	;60	;13	;12	;12	;964.458
45	;60	;13	;12	;12	;964.458
46	;60	;13	;12	;12	;964.458
47	;60	;13	;12	;12	;964.458
48	;60	;13	;12	;12	;964.458
49	;60	;13	;12	;12	;964.458
50	;60	;13	;12	;12	;964.458
51	;60	;13	;12	;12	;964.458
52	;60	;13	;12	;12	;964.458
53	;60	;13	;12	;12	;964.458
54	;60	;13	;12	;12	;964.458
55	;60	;13	;12	;12	;964.458
56	;60	;13	;12	;12	;964.458
57	;60	;13	;12	;12	;964.458
58	;60	;13	;12	;12	;964.458
59	;60	;13	;12	;12	;964.458
60	;60	;13	;12	;12	;964.458
61	;60	;13	;12	;12	;964.458
62	;60	;13	;12	;12	;964.458
63	;60	;13	;12	;12	;964.458
64	;60	;13	;12	;12	;964.458
65	;60	;13	;12	;12	;964.458
66	;60	;13	;12	;12	;964.458
67	;60	;13	;12	;12	;964.458
68	;60	;13	;12	;12	;964.458
69	;60	;13	;12	;12	;964.458
70	;60	;13	;12	;12	;964.458
71	;60	;13	;12	;12	;964.458
72	;60	;13	;12	;12	;964.458
73	;60	;13	;12	;12	;964.458
74	;60	;13	;12	;12	;964.458
75	;60	;13	;12	;12	;964.458
76	;60	;13	;12	;12	;964.458
77	;60	;13	;12	;12	;964.458
78	;60	;13	;12	;12	;964.458
79	;60	;13	;12	;12	;964.458
80	;60	;13	;12	;12	;964.458
81	;60	;13	;12	;12	;964.458
82	;60	;13	;12	;12	;964.458
83	;60	;13	;12	;12	;964.458
84	;60	;13	;12	;12	;964.458
85	;60	;12	;12	;12	;821.15
86	;60	;12	;12	;12	;821.15
87	;60	;12	;12	;12	;821.15
88	;60	;12	;12	;12	;821.15
89	;60	;12	;12	;12	;821.15
90	;60	;12	;12	;12	;821.15
91	;60	;12	;12	;12	;821.15
92	;60	;12	;12	;12	;821.15
93	;60	;12	;12	;12	;821.15
94	;60	;12	;12	;12	;821.15
95	;60	;12	;12	;12	;821.15
96	;60	;12	;12	;12	;821.15
97	;60	;12	;12	;12	;821.15
98	;60	;12	;12	;12	;821.15
99	;60	;12	;12	;12	;821.15
100	;60	;12	;12	;12	;821.15
101	;60	;12	;12	;12	;821.15
102	;60	;12	;12	;12	;821.15
103	;60	;12	;12	;12	;821.15
104	;60	;12	;12	;12	;821.15
105	;60	;12	;12	;12	;821.15
106	;60	;12	;12	;12	;821.15
107	;60	;12	;12	;12	;821.15
108	;60	;12	;12	;12	;821.15
109	;60	;12	;12	;12	;821.15
110	;60	;12	;12	;12	;821.15
111	;60	;12	;12	;12	;821.15
112	;60	;12	;12	;12	;821.15
113	;60	;12	;12	;12	;821.15
114	;60	;12	;12	;12	;821.15
115	;60	;12	;12	;12	;821.15
116	;60	;12	;12	;12	;821.15
117	;60	;12	;12	;12	;821.15
118	;60	;12	;12	;12	;821.15
119	;60	;12	;12	;12	;821.15
120	;60	;12	;12	;12	;821.15
121	;60	;12	;12	;12	;821.15
122	;60	;12	;12	;12	;821.15
123	;60	;12	;12	;12	;821.15
124	;60	;12	;12	;12	;821.15
125	;60	;12	;12	;12	;821.15
126	;60	;12	;12	;12	;821.15
127	;60	;12	;12	;12	;821.15
128	;60	;12	;12	;12	;821.15
129	;60	;12	;12	;12	;821.15
130	;60	;12	;12	;12	;821.15
131	;60	;12	;12	;12	;821.15
132	;60	;12	;12	;12	;821.15
133	;60	;12	;12	;12	;821.15
134	;60	;12	;12	;12	;821.15
135	;60	;12	;12	;12	;821.15
136	;60	;12	;12	;12	;821.15
137	;60	;12	;12	;12	;821.15
138	;60	;12	;12	;12	;821.15
139	;60	;12	;12	;12	;821.15
140	;60	;12	;12	;12	;821.15
141	;60	;12	;12	;12	;821.15
142	;60	;12	;12	;12	;821.15
143	;60	;12	;12	;12	;821.15
144	;60	;12	;12	;12	;821.15
145	;60	;12	;12	;12	;821.15
146	;60	;12	;12	;12	;821.15
147	;60	;12	;12	;12	;821.15
148	;60	;12	;12	;12	;821.15
149	;60	;12	;12	;12	;821.15
150	;60	;12	;12	;12	;821.15

1	;51	;22	;14	;17	;10510.8
2	;51	;13	;18	;13	;3540.58
3	;51	;12	;13	;15	;2091.97
4	;51	;12	;13	;15	;2091.97
5	;51	;12	;13	;15	;2091.97
6	;51	;12	;13	;15	;2091.97
7	;55	;12	;12	;16	;1742.78
8	;55	;12	;12	;16	;1742.78
9	;55	;12	;12	;16	;1742.78
10	;55	;12	;12	;16	;1742.78
11	;55	;12	;12	;16	;1742.78
12	;55	;12	;12	;16	;1742.78
13	;60	;12	;17	;12	;1652.89
14	;60	;12	;17	;12	;1652.89
15	;60	;12	;17	;12	;1652.89
16	;60	;12	;17	;12	;1652.89
17	;60	;12	;17	;12	;1652.89
18	;60	;12	;17	;12	;1652.89
19	;60	;12	;17	;12	;1652.89
20	;60	;12	;17	;12	;1652.89
21	;60	;12	;17	;12	;1652.89
22	;60	;12	;17	;12	;1652.89
23	;60	;12	;17	;12	;1652.89
24	;60	;12	;17	;12	;1652.89
25	;60	;12	;17	;12	;1652.89
26	;60	;12	;17	;12	;1652.89
27	;60	;12	;17	;12	;1652.89
28	;60	;12	;17	;12	;1652.89
29	;60	;12	;17	;12	;1652.89
30	;60	;12	;17	;12	;1652.89
31	;60	;12	;17	;12	;1652.89
32	;60	;12	;17	;12	;1652.89
33	;58	;13	;15	;12	;1616.08
34	;58	;13	;15	;12	;1616.08
35	;58	;13	;15	;12	;1616.08
36	;58	;13	;15	;12	;1616.08
37	;58	;13	;15	;12	;1616.08
38	;58	;13	;15	;12	;1616.08
39	;58	;13	;15	;12	;1616.08
40	;58	;13	;15	;12	;1616.08
41	;58	;13	;15	;12	;1616.08
42	;58	;13	;15	;12	;1616.08
43	;58	;13	;15	;12	;1616.08
44	;57	;12	;12	;13	;1069.15
45	;57	;12	;12	;13	;1069.15
46	;57	;12	;12	;13	;1069.15
47	;57	;12	;12	;13	;1069.15
48	;57	;12	;12	;13	;1069.15
49	;57	;12	;12	;13	;1069.15
50	;57	;12	;12	;13	;1069.15
51	;57	;12	;12	;13	;1069.15
52	;57	;12	;12	;13	;1069.15
53	;57	;12	;12	;13	;1069.15
54	;57	;12	;12	;13	;1069.15
55	;57	;12	;12	;13	;1069.15
56	;57	;12	;12	;13	;1069.15
57	;57	;12	;12	;13	;1069.15
58	;57	;12	;12	;13	;1069.15
59	;57	;12	;12	;13	;1069.15
60	;57	;12	;12	;13	;1069.15
61	;57	;12	;12	;13	;1069.15
62	;57	;12	;12	;13	;1069.15
63	;57	;12	;12	;13	;1069.15
64	;57	;12	;12	;13	;1069.15
65	;57	;12	;12	;13	;1069.15
66	;57	;12	;12	;13	;1069.15
67	;57	;12	;12	;13	;1069.15
68	;57	;12	;12	;13	;1069.15
69	;57	;12	;12	;13	;1069.15
70	;57	;12	;12	;13	;1069.15
71	;55	;12	;12	;12	;978.057
72	;56	;12	;12	;12	;943.28
73	;56	;12	;12	;12	;943.28
74	;56	;12	;12	;12	;943.28
75	;56	;12	;12	;12	;943.28
76	;56	;12	;12	;12	;943.28
77	;56	;12	;12	;12	;943.28
78	;56	;12	;12	;12	;943.28
79	;57	;12	;12	;12	;910.32
80	;57	;12	;12	;12	;910.32
81	;57	;12	;12	;12	;910.32
82	;57	;12	;12	;12	;910.32
83	;57	;12	;12	;12	;910.32
84	;57	;12	;12	;12	;910.32
85	;58	;12	;12	;12	;879.053
86	;58	;12	;12	;12	;879.053
87	;59	;12	;12	;12	;849.364
88	;59	;12	;12	;12	;849.364
89	;59	;12	;12	;12	;849.364
90	;59	;12	;12	;12	;849.364
91	;59	;12	;12	;12	;849.364
92	;59	;12	;12	;12	;849.364
93	;59	;12	;12	;12	;849.364
94	;59	;12	;12	;12	;849.364
95	;59	;12	;12	;12	;849.364
96	;59	;12	;12	;12	;849.364
97	;59	;12	;12	;12	;849.364
98	;59	;12	;12	;12	;849.364
99	;59	;12	;12	;12	;849.364
100	;59	;12	;12	;12	;849.364
101	;59	;12	;12	;12	;849.364
102	;60	;12	;12	;12	;821.15
103	;60	;12	;12	;12	;821.15
104	;60	;12	;12	;12	;821.15
105	;60	;12	;12	;12	;821.15
106	;60	;12	;12	;12	;821.15
107	;60	;12	;12	;12	;821.15
108	;60	;12	;12	;12	;821.15
109	;60	;12	;12	;12	;821.15
110	;60	;12	;12	;12	;821.15
111	;60	;12	;12	;12	;821.15
112	;60	;12	;12	;12	;821.15
113	;60	;12	;12	;12	;821.15
114	;60	;12	;12	;12	;821.15
115	;60	;12	;12	;12	;821.15
116	;60	;12	;12	;12	;821.15
117	;60	;12	;12	;12	;821.15
118	;60	;12	;12	;12	;821.15
119	;60	;12	;12	;12	;821.15
120	;60	;12	;12	;12	;821.15
121	;60	;12	;12	;12	;821.15
122	;60	;12	;12	;12	;821.15
123	;60	;12	;12	;12	;821.15
124	;60	;12	;12	;12	;821.15
125	;60	;12	;12	;12	;821.15
126	;60	;12	;12	;12	;821.15
127	;60	;12	;12	;12	;821.15
128	;60	;12	;12	;12	;821.15
129	;60	;12	;12	;12	;821.15
130	;60	;12	;12	;12	;821.15
131	;60	;12	;12	;12	;821.15
132	;60	;12	;12	;12	;821.15
133	;60	;12	;12	;12	;821.15
134	;60	;12	;12	;12	;821.15
135	;60	;12	;12	;12	;821.15
136	;60	;12	;12	;12	;821.15
137	;60	;12	;12	;12	;821.15
138	;60	;12	;12	;12	;821.15
139	;60	;12	;12	;12	;821.15
140	;60	;12	;12	;12	;821.15
141	;60	;12	;12	;12	;821.15
142	;60	;12	;12	;12	;821.15
143	;60	;12	;12	;12	;821.15
144	;60	;12	;12	;12	;821.15
145	;60	;12	;12	;12	;821.15
146	;60	;12	;12	;12	;821.15
147	;60	;12	;12	;12	;821.15
148	;60	;12	;12	;12	;821.15
149	;60	;12	;12	;12	;821.15
150	;60	;12	;12	;12	;821.15

1	;50	;14	;15	;31	;16914.5
2	;45	;15	;14	;21	;9575.74
3	;46	;13	;13	;14	;2630.72
4	;46	;13	;13	;14	;2630.72
5	;46	;13	;13	;14	;2630.72
6	;46	;13	;13	;14	;2630.72
7	;46	;13	;13	;14	;2630.72
8	;46	;13	;13	;14	;2630.72
9	;46	;13	;13	;14	;2630.72
10	;46	;13	;13	;13	;2267.34
11	;46	;13	;13	;13	;2267.34
12	;46	;13	;13	;13	;2267.34
13	;46	;13	;13	;13	;2267.34
14	;46	;12	;13	;14	;2240.51
15	;46	;12	;13	;14	;2240.51
16	;50	;13	;13	;13	;1918.07
17	;51	;13	;13	;12	;1569.78
18	;51	;13	;13	;12	;1569.78
19	;51	;13	;13	;12	;1569.78
20	;51	;13	;13	;12	;1569.78
21	;52	;13	;13	;12	;1509.77
22	;52	;13	;13	;12	;1509.77
23	;52	;13	;13	;12	;1509.77
24	;52	;13	;13	;12	;1509.77
25	;52	;13	;13	;12	;1509.77
26	;53	;12	;13	;12	;1237.38
27	;53	;12	;13	;12	;1237.38
28	;53	;12	;13	;12	;1237.38
29	;53	;12	;13	;12	;1237.38
30	;53	;12	;13	;12	;1237.38
31	;53	;12	;13	;12	;1237.38
32	;53	;12	;13	;12	;1237.38
33	;53	;12	;13	;12	;1237.38
34	;54	;12	;13	;12	;1191.8
35	;54	;12	;13	;12	;1191.8
36	;54	;12	;13	;12	;1191.8
37	;54	;12	;13	;12	;1191.8
38	;54	;12	;13	;12	;1191.8
39	;54	;12	;13	;12	;1191.8
40	;54	;12	;13	;12	;1191.8
41	;54	;12	;13	;12	;1191.8
42	;54	;12	;13	;12	;1191.8
43	;54	;12	;13	;12	;1191.8
44	;54	;12	;13	;12	;1191.8
45	;54	;12	;13	;12	;1191.8
46	;54	;12	;13	;12	;1191.8
47	;54	;12	;13	;12	;1191.8
48	;54	;12	;13	;12	;1191.8
49	;54	;12	;13	;12	;1191.8
50	;54	;12	;13	;12	;1191.8
51	;54	;12	;13	;12	;1191.8
52	;54	;12	;13	;12	;1191.8
53	;54	;12	;13	;12	;1191.8
54	;54	;12	;13	;12	;1191.8
55	;54	;12	;13	;12	;1191.8
56	;54	;12	;13	;12	;1191.8
57	;54	;12	;13	;12	;1191.8
58	;54	;12	;13	;12	;1191.8
59	;54	;12	;13	;12	;1191.8
60	;54	;12	;13	;12	;1191.8
61	;54	;12	;13	;12	;1191.8
62	;54	;12	;13	;12	;1191.8
63	;54	;12	;13	;12	;1191.8
64	;54	;12	;13	;12	;1191.8
65	;54	;12	;13	;12	;1191.8
66	;53	;12	;12	;12	;1053.62
67	;53	;12	;12	;12	;1053.62
68	;53	;12	;12	;12	;1053.62
69	;53	;12	;12	;12	;1053.62
70	;53	;12	;12	;12	;1053.62
71	;53	;12	;12	;12	;1053.62
72	;53	;12	;12	;12	;1053.62
73	;54	;12	;12	;12	;1014.79
74	;54	;12	;12	;12	;1014.79
75	;55	;12	;12	;12	;978.057
76	;55	;12	;12	;12	;978.057
77	;55	;12	;12	;12	;978.057
78	;55	;12	;12	;12	;978.057
79	;55	;12	;12	;12	;978.057
80	;55	;12	;12	;12	;978.057
81	;55	;12	;12	;12	;978.057
82	;55	;12	;12	;12	;978.057
83	;55	;12	;12	;12	;978.057
84	;55	;12	;12	;12	;978.057
85	;55	;12	;12	;12	;978.057
86	;55	;12	;12	;12	;978.057
87	;55	;12	;12	;12	;978.057
88	;55	;12	;12	;12	;978.057
89	;55	;12	;12	;12	;978.057
90	;55	;12	;12	;12	;978.057
91	;55	;12	;12	;12	;978.057
92	;56	;12	;12	;12	;943.28
93	;56	;12	;12	;12	;943.28
94	;56	;12	;12	;12	;943.28
95	;56	;12	;12	;12	;943.28
96	;56	;12	;12	;12	;943.28
97	;56	;12	;12	;12	;943.28
98	;56	;12	;12	;12	;943.28
99	;56	;12	;12	;12	;943.28
100	;56	;12	;12	;12	;943.28
101	;57	;12	;12	;12	;910.32
102	;58	;12	;12	;12	;879.053
103	;58	;12	;12	;12	;879.053
104	;58	;12	;12	;12	;879.053
105	;59	;12	;12	;12	;849.364
106	;59	;12	;12	;12	;849.364
107	;59	;12	;12	;12	;849.364
108	;59	;12	;12	;12	;849.364
109	;59	;12	;12	;12	;849.364
110	;59	;12	;12	;12	;849.364
111	;59	;12	;12	;12	;849.364
112	;59	;12	;12	;12	;849.364
113	;59	;12	;12	;12	;849.364
114	;59	;12	;12	;12	;849.364
115	;59	;12	;12	;12	;849.364
116	;59	;12	;12	;12	;849.364
117	;59	;12	;12	;12	;849.364
118	;59	;12	;12	;12	;849.364
119	;59	;12	;12	;12	;849.364
120	;59	;12	;12	;12	;849.364
121	;59	;12	;12	;12	;849.364
122	;59	;12	;12	;12	;849.364
123	;59	;12	;12	;12	;849.364
124	;59	;12	;12	;12	;849.364
125	;59	;12	;12	;12	;849.364
126	;59	;12	;12	;12	;849.364
127	;59	;12	;12	;12	;849.364
128	;59	;12	;12	;12	;849.364
129	;59	;12	;12	;12	;849.364
130	;59	;12	;12	;12	;849.364
131	;59	;12	;12	;12	;849.364
132	;59	;12	;12	;12	;849.364
133	;59	;12	;12	;12	;849.364
134	;59	;12	;12	;12	;849.364
135	;59	;12	;12	;12	;849.364
136	;59	;12	;12	;12	;849.364
137	;59	;12	;12	;12	;849.364
138	;59	;12	;12	;12	;849.364
139	;59	;12	;12	;12	;849.364
140	;59	;12	;12	;12	;849.364
141	;59	;12	;12	;12	;849.364
142	;59	;12	;12	;12	;849.364
143	;59	;12	;12	;12	;849.364
144	;59	;12	;12	;12	;849.364
145	;59	;12	;12	;12	;849.364
146	;59	;12	;12	;12	;849.364
147	;59	;12	;12	;12	;849.364
148	;59	;12	;12	;12	;849.364
149	;59	;12	;12	;12	;849.364
150	;59	;12	;12	;12	;849.364

1	;58	;18	;16	;18	;7962.89
2	;58	;18	;16	;18	;7962.89
3	;58	;18	;16	;18	;7962.89
4	;58	;17	;12	;13	;2077.52
5	;58	;17	;12	;13	;2077.52
6	;60	;17	;12	;13	;1940.91
7	;60	;17	;12	;13	;1940.91
8	;60	;17	;12	;13	;1940.91
9	;51	;12	;12	;14	;1551.19
10	;53	;14	;12	;12	;1435.91
11	;53	;14	;12	;12	;1435.91
12	;59	;14	;12	;12	;1157.72
13	;59	;14	;12	;12	;1157.72
14	;59	;14	;12	;12	;1157.72
15	;59	;14	;12	;12	;1157.72
16	;59	;14	;12	;12	;1157.72
17	;59	;14	;12	;12	;1157.72
18	;59	;14	;12	;12	;1157.72
19	;59	;14	;12	;12	;1157.72
20	;59	;14	;12	;12	;1157.72
21	;59	;14	;12	;12	;1157.72
22	;59	;14	;12	;12	;1157.72
23	;59	;14	;12	;12	;1157.72
24	;59	;14	;12	;12	;1157.72
25	;59	;14	;12	;12	;1157.72
26	;59	;14	;12	;12	;1157.72
27	;59	;14	;12	;12	;1157.72
28	;59	;14	;12	;12	;1157.72
29	;59	;14	;12	;12	;1157.72
30	;59	;14	;12	;12	;1157.72
31	;59	;14	;12	;12	;1157.72
32	;59	;14	;12	;12	;1157.72
33	;59	;14	;12	;12	;1157.72
34	;59	;14	;12	;12	;1157.72
35	;59	;14	;12	;12	;1157.72
36	;59	;14	;12	;12	;1157.72
37	;59	;14	;12	;12	;1157.72
38	;59	;14	;12	;12	;1157.72
39	;59	;14	;12	;12	;1157.72
40	;59	;14	;12	;12	;1157.72
41	;59	;14	;12	;12	;1157.72
42	;55	;12	;12	;13	;1148.67
43	;57	;12	;12	;13	;1069.15
44	;57	;12	;12	;13	;1069.15
45	;57	;12	;12	;13	;1069.15
46	;57	;12	;12	;13	;1069.15
47	;57	;12	;12	;13	;1069.15
48	;57	;12	;12	;13	;1069.15
49	;57	;12	;12	;13	;1069.15
50	;57	;12	;12	;13	;1069.15
51	;57	;12	;12	;13	;1069.15
52	;57	;12	;12	;13	;1069.15
53	;57	;12	;12	;13	;1069.15
54	;57	;12	;12	;13	;1069.15
55	;57	;12	;12	;13	;1069.15
56	;58	;12	;12	;12	;879.053
57	;59	;12	;12	;12	;849.364
58	;59	;12	;12	;12	;849.364
59	;59	;12	;12	;12	;849.364
60	;59	;12	;12	;12	;849.364
61	;59	;12	;12	;12	;849.364
62	;59	;12	;12	;12	;849.364
63	;59	;12	;12	;12	;849.364
64	;59	;12	;12	;12	;849.364
65	;59	;12	;12	;12	;849.364
66	;59	;12	;12	;12	;849.364
67	;59	;12	;12	;12	;849.364
68	;59	;12	;12	;12	;849.364
69	;59	;12	;12	;12	;849.364
70	;59	;12	;12	;12	;849.364
71	;59	;12	;12	;12	;849.364
72	;59	;12	;12	;12	;849.364
73	;59	;12	;12	;12	;849.364
74	;59	;12	;12	;12	;849.364
75	;59	;12	;12	;12	;849.364
76	;59	;12	;12	;12	;849.364
77	;59	;12	;12	;12	;849.364
78	;59	;12	;12	;12	;849.364
79	;59	;12	;12	;12	;849.364
80	;59	;12	;12	;12	;849.364
81	;59	;12	;12	;12	;849.364
82	;59	;12	;12	;12	;849.364
83	;59	;12	;12	;12	;849.364
84	;59	;12	;12	;12	;849.364
85	;59	;12	;12	;12	;849.364
86	;59	;12	;12	;12	;849.364
87	;59	;12	;12	;12	;849.364
88	;59	;12	;12	;12	;849.364
89	;59	;12	;12	;12	;849.364
90	;59	;12	;12	;12	;849.364
91	;59	;12	;12	;12	;849.364
92	;59	;12	;12	;12	;849.364
93	;59	;12	;12	;12	;849.364
94	;59	;12	;12	;12	;849.364
95	;59	;12	;12	;12	;849.364
96	;59	;12	;12	;12	;849.364
97	;59	;12	;12	;12	;849.364
98	;59	;12	;12	;12	;849.364
99	;59	;12	;12	;12	;849.364
100	;59	;12	;12	;12	;849.364
101	;59	;12	;12	;12	;849.364
102	;59	;12	;12	;12	;849.364
103	;59	;12	;12	;12	;849.364
104	;59	;12	;12	;12	;849.364
105	;60	;12	;12	;12	;821.15
106	;60	;12	;12	;12	;821.15
107	;60	;12	;12	;12	;821.15
108	;60	;12	;12	;12	;821.15
109	;60	;12	;12	;12	;821.15
110	;60	;12	;12	;12	;821.15
111	;60	;12	;12	;12	;821.15
112	;60	;12	;12	;12	;821.15
113	;60	;12	;12	;12	;821.15
114	;60	;12	;12	;12	;821.15
115	;60	;12	;12	;12	;821.15
116	;60	;12	;12	;12	;821.15
117	;60	;12	;12	;12	;821.15
118	;60	;12	;12	;12	;821.15
119	;60	;12	;12	;12	;821.15
120	;60	;12	;12	;12	;821.15
121	;60	;12	;12	;12	;821.15
122	;60	;12	;12	;12	;821.15
123	;60	;12	;12	;12	;821.15
124	;60	;12	;12	;12	;821.15
125	;60	;12	;12	;12	;821.15
126	;60	;12	;12	;12	;821.15
127	;60	;12	;12	;12	;821.15
128	;60	;12	;12	;12	;821.15
129	;60	;12	;12	;12	;821.15
130	;60	;12	;12	;12	;821.15
131	;60	;12	;12	;12	;821.15
132	;60	;12	;12	;12	;821.15
133	;60	;12	;12	;12	;821.15
134	;60	;12	;12	;12	;821.15
135	;60	;12	;12	;12	;821.15
136	;60	;12	;12	;12	;821.15
137	;60	;12	;12	;12	;821.15
138	;60	;12	;12	;12	;821.15
139	;60	;12	;12	;12	;821.15
140	;60	;12	;12	;12	;821.15
141	;60	;12	;12	;12	;821.15
142	;60	;12	;12	;12	;821.15
143	;60	;12	;12	;12	;821.15
144	;60	;12	;12	;12	;821.15
145	;60	;12	;12	;12	;821.15
146	;60	;12	;12	;12	;821.15
147	;60	;12	;12	;12	;821.15
148	;60	;12	;12	;12	;821.15
149	;60	;12	;12	;12	;821.15
150	;60	;12	;12	;12	;821.15

1	;52	;12	;21	;18	;7584.06
2	;50	;12	;24	;15	;7440.05
3	;60	;16	;20	;15	;6376.94
4	;55	;14	;15	;18	;4703.63
5	;59	;12	;12	;13	;997.583
6	;59	;12	;12	;13	;997.583
7	;59	;12	;12	;13	;997.583
8	;59	;12	;12	;13	;997.583
9	;59	;12	;12	;13	;997.583
10	;59	;12	;12	;13	;997.583
11	;59.6153	;12	;12.3906	;12.3872	;945.607
12	;60	;12	;12	;12	;821.15
13	;60	;12	;12	;12	;821.15
14	;60	;12	;12	;12	;821.15
15	;60	;12	;12	;12	;821.15
16	;60	;12	;12	;12	;821.15
17	;60	;12	;12	;12	;821.15
18	;60	;12	;12	;12	;821.15
19	;60	;12	;12	;12	;821.15
20	;60	;12	;12	;12	;821.15
21	;60	;12	;12	;12	;821.15
22	;60	;12	;12	;12	;821.15
23	;60	;12	;12	;12	;821.15
24	;60	;12	;12	;12	;821.15
25	;60	;12	;12	;12	;821.15
26	;60	;12	;12	;12	;821.15
27	;60	;12	;12	;12	;821.15
28	;60	;12	;12	;12	;821.15
29	;60	;12	;12	;12	;821.15
30	;60	;12	;12	;12	;821.15
31	;60	;12	;12	;12	;821.15
32	;60	;12	;12	;12	;821.15
33	;60	;12	;12	;12	;821.15
34	;60	;12	;12	;12	;821.15
35	;60	;12	;12	;12	;821.15
36	;60	;12	;12	;12	;821.15
37	;60	;12	;12	;12	;821.15
38	;60	;12	;12	;12	;821.15
39	;60	;12	;12	;12	;821.15
40	;60	;12	;12	;12	;821.15
41	;60	;12	;12	;12	;821.15
42	;60	;12	;12	;12	;821.15
43	;60	;12	;12	;12	;821.15
44	;60	;12	;12	;12	;821.15
45	;60	;12	;12	;12	;821.15
46	;60	;12	;12	;12	;821.15
47	;60	;12	;12	;12	;821.15
48	;60	;12	;12	;12	;821.15
49	;60	;12	;12	;12	;821.15
50	;60	;12	;12	;12	;821.15
51	;60	;12	;12	;12	;821.15
52	;60	;12	;12	;12	;821.15
53	;60	;12	;12	;12	;821.15
54	;60	;12	;12	;12	;821.15
55	;60	;12	;12	;12	;821.15
56	;60	;12	;12	;12	;821.15
57	;60	;12	;12	;12	;821.15
58	;60	;12	;12	;12	;821.15
59	;60	;12	;12	;12	;821.15
60	;60	;12	;12	;12	;821.15
61	;60	;12	;12	;12	;821.15
62	;60	;12	;12	;12	;821.15
63	;60	;12	;12	;12	;821.15
64	;60	;12	;12	;12	;821.15
65	;60	;12	;12	;12	;821.15
66	;60	;12	;12	;12	;821.15
67	;60	;12	;12	;12	;821.15
68	;60	;12	;12	;12	;821.15
69	;60	;12	;12	;12	;821.15
70	;60	;12	;12	;12	;821.15
71	;60	;12	;12	;12	;821.15
72	;60	;12	;12	;12	;821.15
73	;60	;12	;12	;12	;821.15
74	;60	;12	;12	;12	;821.15
75	;60	;12	;12	;12	;821.15
76	;60	;12	;12	;12	;821.15
77	;60	;12	;12	;12	;821.15
78	;60	;12	;12	;12	;821.15
79	;60	;12	;12	;12	;821.15
80	;60	;12	;12	;12	;821.15
81	;60	;12	;12	;12	;821.15
82	;60	;12	;12	;12	;821.15
83	;60	;12	;12	;12	;821.15
84	;60	;12	;12	;12	;821.15
85	;60	;12	;12	;12	;821.15
86	;60	;12	;12	;12	;821.15
87	;60	;12	;12	;12	;821.15
88	;60	;12	;12	;12	;821.15
89	;60	;12	;12	;12	;821.15
90	;60	;12	;12	;12	;821.15
91	;60	;12	;12	;12	;821.15
92	;60	;12	;12	;12	;821.15
93	;60	;12	;12	;12	;821.15
94	;60	;12	;12	;12	;821.15
95	;60	;12	;12	;12	;821.15
96	;60	;12	;12	;12	;821.15
97	;60	;12	;12	;12	;821.15
98	;60	;12	;12	;12	;821.15
99	;60	;12	;12	;12	;821.15
100	;60	;12	;12	;12	;821.15
101	;60	;12	;12	;12	;821.15
102	;60	;12	;12	;12	;821.15
103	;60	;12	;12	;12	;821.15
104	;60	;12	;12	;12	;821.15
105	;60	;12	;12	;12	;821.15
106	;60	;12	;12	;12	;821.15
107	;60	;12	;12	;12	;821.15
108	;60	;12	;12	;12	;821.15
109	;60	;12	;12	;12	;821.15
110	;60	;12	;12	;12	;821.15
111	;60	;12	;12	;12	;821.15
112	;60	;12	;12	;12	;821.15
113	;60	;12	;12	;12	;821.15
114	;60	;12	;12	;12	;821.15
115	;60	;12	;12	;12	;821.15
116	;60	;12	;12	;12	;821.15
117	;60	;12	;12	;12	;821.15
118	;60	;12	;12	;12	;821.15
119	;60	;12	;12	;12	;821.15
120	;60	;12	;12	;12	;821.15
121	;60	;12	;12	;12	;821.15
122	;60	;12	;12	;12	;821.15
123	;60	;12	;12	;12	;821.15
124	;60	;12	;12	;12	;821.15
125	;60	;12	;12	;12	;821.15
126	;60	;12	;12	;12	;821.15
127	;60	;12	;12	;12	;821.15
128	;60	;12	;12	;12	;821.15
129	;60	;12	;12	;12	;821.15
130	;60	;12	;12	;12	;821.15
131	;60	;12	;12	;12	;821.15
132	;60	;12	;12	;12	;821.15
133	;60	;12	;12	;12	;821.15
134	;60	;12	;12	;12	;821.15
135	;60	;12	;12	;12	;821.15
136	;60	;12	;12	;12	;821.15
137	;60	;12	;12	;12	;821.15
138	;60	;12	;12	;12	;821.15
139	;60	;12	;12	;12	;821.15
140	;60	;12	;12	;12	;821.15
141	;60	;12	;12	;12	;821.15
142	;60	;12	;12	;12	;821.15
143	;60	;12	;12	;12	;821.15
144	;60	;12	;12	;12	;821.15
145	;60	;12	;12	;12	;821.15
146	;60	;12	;12	;12	;821.15
147	;60	;12	;12	;12	;821.15
148	;60	;12	;12	;12	;821.15
149	;60	;12	;12	;12	;821.15
150	;60	;12	;12	;12	;821.15

1	;52	;15	;12	;15	;2681.04
2	;52	;15	;12	;15	;2681.04
3	;52	;15	;12	;15	;2681.04
4	;52	;15	;12	;15	;2681.04
5	;52	;15	;12	;15	;2681.04
6	;52	;15	;12	;15	;2681.04
7	;52	;12	;13	;13	;1509.77
8	;53	;12	;13	;13	;1453.12
9	;53	;12	;13	;13	;1453.12
10	;53	;12	;13	;13	;1453.12
11	;53	;12	;13	;13	;1453.12
12	;53	;12	;13	;13	;1453.12
13	;53	;12	;13	;13	;1453.12
14	;53	;12	;13	;13	;1453.12
15	;53	;12	;13	;13	;1453.12
16	;53	;12	;13	;13	;1453.12
17	;53	;12	;13	;13	;1453.12
18	;53	;12	;13	;13	;1453.12
19	;53	;12	;13	;13	;1453.12
20	;53	;12	;13	;13	;1453.12
21	;53	;12	;13	;13	;1453.12
22	;53	;12	;13	;13	;1453.12
23	;53	;12	;13	;13	;1453.12
24	;53	;12	;12	;13	;1237.38
25	;53	;12	;12	;13	;1237.38
26	;53	;12	;12	;13	;1237.38
27	;53	;12	;12	;13	;1237.38
28	;53	;12	;12	;13	;1237.38
29	;54	;12	;13	;12	;1191.8
30	;54	;12	;12	;12	;1014.79
31	;54	;12	;12	;12	;1014.79
32	;54	;12	;12	;12	;1014.79
33	;54	;12	;12	;12	;1014.79
34	;54	;12	;12	;12	;1014.79
35	;54	;12	;12	;12	;1014.79
36	;55	;12	;12	;12	;978.057
37	;55	;12	;12	;12	;978.057
38	;55	;12	;12	;12	;978.057
39	;55	;12	;12	;12	;978.057
40	;56	;12	;12	;12	;943.28
41	;57	;12	;12	;12	;910.32
42	;57	;12	;12	;12	;910.32
43	;57	;12	;12	;12	;910.32
44	;58	;12	;12	;12	;879.053
45	;58	;12	;12	;12	;879.053
46	;58	;12	;12	;12	;879.053
47	;58	;12	;12	;12	;879.053
48	;58	;12	;12	;12	;879.053
49	;58	;12	;12	;12	;879.053
50	;58	;12	;12	;12	;879.053
51	;58	;12	;12	;12	;879.053
52	;58	;12	;12	;12	;879.053
53	;59	;12	;12	;12	;849.364
54	;60	;12	;12	;12	;821.15
55	;60	;12	;12	;12	;821.15
56	;60	;12	;12	;12	;821.15
57	;60	;12	;12	;12	;821.15
58	;60	;12	;12	;12	;821.15
59	;60	;12	;12	;12	;821.15
60	;60	;12	;12	;12	;821.15
61	;60	;12	;12	;12	;821.15
62	;60	;12	;12	;12	;821.15
63	;60	;12	;12	;12	;821.15
64	;60	;12	;12	;12	;821.15
65	;60	;12	;12	;12	;821.15
66	;60	;12	;12	;12	;821.15
67	;60	;12	;12	;12	;821.15
68	;60	;12	;12	;12	;821.15
69	;60	;12	;12	;12	;821.15
70	;60	;12	;12	;12	;821.15
71	;60	;12	;12	;12	;821.15
72	;60	;12	;12	;12	;821.15
73	;60	;12	;12	;12	;821.15
74	;60	;12	;12	;12	;821.15
75	;60	;12	;12	;12	;821.15
76	;60	;12	;12	;12	;821.15
77	;60	;12	;12	;12	;821.15
78	;60	;12	;12	;12	;821.15
79	;60	;12	;12	;12	;821.15
80	;60	;12	;12	;12	;821.15
81	;60	;12	;12	;12	;821.15
82	;60	;12	;12	;12	;821.15
83	;60	;12	;12	;12	;821.15
84	;60	;12	;12	;12	;821.15
85	;60	;12	;12	;12	;821.15
86	;60	;12	;12	;12	;821.15
87	;60	;12	;12	;12	;821.15
88	;60	;12	;12	;12	;821.15
89	;60	;12	;12	;12	;821.15
90	;60	;12	;12	;12	;821.15
91	;60	;12	;12	;12	;821.15
92	;60	;12	;12	;12	;821.15
93	;60	;12	;12	;12	;821.15
94	;60	;12	;12	;12	;821.15
95	;60	;12	;12	;12	;821.15
96	;60	;12	;12	;12	;821.15
97	;60	;12	;12	;12	;821.15
98	;60	;12	;12	;12	;821.15
99	;60	;12	;12	;12	;821.15
100	;60	;12	;12	;12	;821.15
101	;60	;12	;12	;12	;821.15
102	;60	;12	;12	;12	;821.15
103	;60	;12	;12	;12	;821.15
104	;60	;12	;12	;12	;821.15
105	;60	;12	;12	;12	;821.15
106	;60	;12	;12	;12	;821.15
107	;60	;12	;12	;12	;821.15
108	;60	;12	;12	;12	;821.15
109	;60	;12	;12	;12	;821.15
110	;60	;12	;12	;12	;821.15
111	;60	;12	;12	;12	;821.15
112	;60	;12	;12	;12	;821.15
113	;60	;12	;12	;12	;821.15
114	;60	;12	;12	;12	;821.15
115	;60	;12	;12	;12	;821.15
116	;60	;12	;12	;12	;821.15
117	;60	;12	;12	;12	;821.15
118	;60	;12	;12	;12	;821.15
119	;60	;12	;12	;12	;821.15
120	;60	;12	;12	;12	;821.15
121	;60	;12	;12	;12	;821.15
122	;60	;12	;12	;12	;821.15
123	;60	;12	;12	;12	;821.15
124	;60	;12	;12	;12	;821.15
125	;60	;12	;12	;12	;821.15
126	;60	;12	;12	;12	;821.15
127	;60	;12	;12	;12	;821.15
128	;60	;12	;12	;12	;821.15
129	;60	;12	;12	;12	;821.15
130	;60	;12	;12	;12	;821.15
131	;60	;12	;12	;12	;821.15
132	;60	;12	;12	;12	;821.15
133	;60	;12	;12	;12	;821.15
134	;60	;12	;12	;12	;821.15
135	;60	;12	;12	;12	;821.15
136	;60	;12	;12	;12	;821.15
137	;60	;12	;12	;12	;821.15
138	;60	;12	;12	;12	;821.15
139	;60	;12	;12	;12	;821.15
140	;60	;12	;12	;12	;821.15
141	;60	;12	;12	;12	;821.15
142	;60	;12	;12	;12	;821.15
143	;60	;12	;12	;12	;821.15
144	;60	;12	;12	;12	;821.15
145	;60	;12	;12	;12	;821.15
146	;60	;12	;12	;12	;821.15
147	;60	;12	;12	;12	;821.15
148	;60	;12	;12	;12	;821.15
149	;60	;12	;12	;12	;821.15
150	;60	;12	;12	;12	;821.15

1	;57	;15	;14	;14	;2645.53
2	;57	;15	;14	;14	;2645.53
3	;57	;15	;14	;14	;2645.53
4	;57	;15	;13	;13	;1965.1
5	;57	;15	;13	;13	;1965.1
6	;57	;12	;15	;12	;1425.1
7	;57	;12	;15	;12	;1425.1
8	;57	;12	;13	;12	;1069.15
9	;57	;12	;13	;12	;1069.15
10	;57	;12	;13	;12	;1069.15
11	;57	;12	;13	;12	;1069.15
12	;57	;12	;13	;12	;1069.15
13	;57	;12	;13	;12	;1069.15
14	;57	;12	;13	;12	;1069.15
15	;57	;12	;13	;12	;1069.15
16	;57	;12	;13	;12	;1069.15
17	;57	;12	;13	;12	;1069.15
18	;57	;12	;13	;12	;1069.15
19	;57	;12	;13	;12	;1069.15
20	;57	;12	;13	;12	;1069.15
21	;57	;12	;13	;12	;1069.15
22	;57	;12	;13	;12	;1069.15
23	;57	;12	;13	;12	;1069.15
24	;57	;12	;13	;12	;1069.15
25	;57	;12	;13	;12	;1069.15
26	;57	;12	;13	;12	;1069.15
27	;57	;12	;13	;12	;1069.15
28	;57	;12	;13	;12	;1069.15
29	;57	;12	;13	;12	;1069.15
30	;57	;12	;13	;12	;1069.15
31	;57	;12	;13	;12	;1069.15
32	;57	;12	;13	;12	;1069.15
33	;57	;12	;13	;12	;1069.15
34	;57	;12	;13	;12	;1069.15
35	;59	;12	;12	;13	;997.583
36	;59	;12	;12	;13	;997.583
37	;59	;12	;12	;13	;997.583
38	;59	;12	;12	;13	;997.583
39	;59	;12	;12	;13	;997.583
40	;59	;12	;12	;13	;997.583
41	;59	;12	;12	;13	;997.583
42	;59	;12	;12	;13	;997.583
43	;59	;12	;12	;13	;997.583
44	;60	;12	;12	;13	;964.458
45	;60	;12	;12	;13	;964.458
46	;60	;12	;12	;13	;964.458
47	;60	;12	;12	;13	;964.458
48	;60	;12	;12	;13	;964.458
49	;60	;12	;12	;13	;964.458
50	;60	;12	;12	;13	;964.458
51	;60	;12	;12	;13	;964.458
52	;60	;12	;12	;13	;964.458
53	;60	;12	;12	;13	;964.458
54	;60	;12	;12	;13	;964.458
55	;60	;12	;12	;13	;964.458
56	;60	;12	;12	;13	;964.458
57	;60	;12	;12	;13	;964.458
58	;60	;12	;12	;13	;964.458
59	;60	;12	;12	;13	;964.458
60	;60	;12	;12	;13	;964.458
61	;60	;12	;12	;13	;964.458
62	;60	;12	;12	;13	;964.458
63	;60	;12	;12	;13	;964.458
64	;60	;12	;12	;13	;964.458
65	;60	;12	;12	;13	;964.458
66	;60	;12	;12	;13	;964.458
67	;60	;12	;12	;13	;964.458
68	;60	;12	;12	;13	;964.458
69	;60	;12	;12	;12	;821.15
70	;60	;12	;12	;12	;821.15
71	;60	;12	;12	;12	;821.15
72	;60	;12	;12	;12	;821.15
73	;60	;12	;12	;12	;821.15
74	;60	;12	;12	;12	;821.15
75	;60	;12	;12	;12	;821.15
76	;60	;12	;12	;12	;821.15
77	;60	;12	;12	;12	;821.15
78	;60	;12	;12	;12	;821.15
79	;60	;12	;12	;12	;821.15
80	;60	;12	;12	;12	;821.15
81	;60	;12	;12	;12	;821.15
82	;60	;12	;12	;12	;821.15
83	;60	;12	;12	;12	;821.15
84	;60	;12	;12	;12	;821.15
85	;60	;12	;12	;12	;821.15
86	;60	;12	;12	;12	;821.15
87	;60	;12	;12	;12	;821.15
88	;60	;12	;12	;12	;821.15
89	;60	;12	;12	;12	;821.15
90	;60	;12	;12	;12	;821.15
91	;60	;12	;12	;12	;821.15
92	;60	;12	;12	;12	;821.15
93	;60	;12	;12	;12	;821.15
94	;60	;12	;12	;12	;821.15
95	;60	;12	;12	;12	;821.15
96	;60	;12	;12	;12	;821.15
97	;60	;12	;12	;12	;821.15
98	;60	;12	;12	;12	;821.15
99	;60	;12	;12	;12	;821.15
100	;60	;12	;12	;12	;821.15
101	;60	;12	;12	;12	;821.15
102	;60	;12	;12	;12	;821.15
103	;60	;12	;12	;12	;821.15
104	;60	;12	;12	;12	;821.15
105	;60	;12	;12	;12	;821.15
106	;60	;12	;12	;12	;821.15
107	;60	;12	;12	;12	;821.15
108	;60	;12	;12	;12	;821.15
109	;60	;12	;12	;12	;821.15
110	;60	;12	;12	;12	;821.15
111	;60	;12	;12	;12	;821.15
112	;60	;12	;12	;12	;821.15
113	;60	;12	;12	;12	;821.15
114	;60	;12	;12	;12	;821.15
115	;60	;12	;12	;12	;821.15
116	;60	;12	;12	;12	;821.15
117	;60	;12	;12	;12	;821.15
118	;60	;12	;12	;12	;821.15
119	;60	;12	;12	;12	;821.15
120	;60	;12	;12	;12	;821.15
121	;60	;12	;12	;12	;821.15
122	;60	;12	;12	;12	;821.15
123	;60	;12	;12	;12	;821.15
124	;60	;12	;12	;12	;821.15
125	;60	;12	;12	;12	;821.15
126	;60	;12	;12	;12	;821.15
127	;60	;12	;12	;12	;821.15
128	;60	;12	;12	;12	;821.15
129	;60	;12	;12	;12	;821.15
130	;60	;12	;12	;12	;821.15
131	;60	;12	;12	;12	;821.15
132	;60	;12	;12	;12	;821.15
133	;60	;12	;12	;12	;821.15
134	;60	;12	;12	;12	;821.15
135	;60	;12	;12	;12	;821.15
136	;60	;12	;12	;12	;821.15
137	;60	;12	;12	;12	;821.15
138	;60	;12	;12	;12	;821.15
139	;60	;12	;12	;12	;821.15
140	;60	;12	;12	;12	;821.15
141	;60	;12	;12	;12	;821.15
142	;60	;12	;12	;12	;821.15
143	;60	;12	;12	;12	;821.15
144	;60	;12	;12	;12	;821.15
145	;60	;12	;12	;12	;821.15
146	;60	;12	;12	;12	;821.15
147	;60	;12	;12	;12	;821.15
148	;60	;12	;12	;12	;821.15
149	;60	;12	;12	;12	;821.15
150	;60	;12	;12	;12	;821.15

1	;58	;16	;15	;16	;4364.27
2	;58	;16	;15	;16	;4364.27
3	;58	;16	;15	;16	;4364.27
4	;58	;12	;22	;12	;2967.68
5	;58	;12	;22	;12	;2967.68
6	;58	;12	;22	;12	;2967.68
7	;58	;12	;22	;12	;2967.68
8	;58	;12	;22	;12	;2967.68
9	;58	;12	;22	;12	;2967.68
10	;58	;12	;22	;12	;2967.68
11	;58	;12	;22	;12	;2967.68
12	;59	;12	;22	;12	;2867.67
13	;59	;12	;22	;12	;2867.67
14	;59	;12	;22	;12	;2867.67
15	;59	;12	;22	;12	;2867.67
16	;59	;12	;22	;12	;2867.67
17	;59	;12	;22	;12	;2867.67
18	;59	;12	;22	;12	;2867.67
19	;59	;12	;22	;12	;2867.67
20	;59	;12	;22	;12	;2867.67
21	;59	;12	;22	;12	;2867.67
22	;59	;12	;22	;12	;2867.67
23	;59	;12	;22	;12	;2867.67
24	;59	;12	;22	;12	;2867.67
25	;54	;12	;19	;12	;2552.51
26	;54	;12	;19	;12	;2552.51
27	;54	;12	;19	;12	;2552.51
28	;54	;12	;19	;12	;2552.51
29	;54	;12	;19	;12	;2552.51
30	;54	;12	;19	;12	;2552.51
31	;54	;12	;19	;12	;2552.51
32	;54	;12	;19	;12	;2552.51
33	;54	;12	;19	;12	;2552.51
34	;54	;12	;19	;12	;2552.51
35	;54	;12	;19	;12	;2552.51
36	;54	;12	;19	;12	;2552.51
37	;54	;12	;19	;12	;2552.51
38	;54	;12	;19	;12	;2552.51
39	;54	;12	;19	;12	;2552.51
40	;54	;12	;19	;12	;2552.51
41	;54	;12	;19	;12	;2552.51
42	;54	;12	;13	;12	;1191.8
43	;55	;12	;12	;13	;1148.67
44	;55	;12	;12	;13	;1148.67
45	;55	;12	;12	;13	;1148.67
46	;55	;12	;12	;13	;1148.67
47	;55	;12	;12	;13	;1148.67
48	;57	;13	;12	;12	;1069.15
49	;57	;13	;12	;12	;1069.15
50	;57	;13	;12	;12	;1069.15
51	;57	;13	;12	;12	;1069.15
52	;57	;13	;12	;12	;1069.15
53	;57	;13	;12	;12	;1069.15
54	;57	;13	;12	;12	;1069.15
55	;57	;13	;12	;12	;1069.15
56	;57	;13	;12	;12	;1069.15
57	;57	;13	;12	;12	;1069.15
58	;57	;13	;12	;12	;1069.15
59	;57	;13	;12	;12	;1069.15
60	;57	;13	;12	;12	;1069.15
61	;57	;13	;12	;12	;1069.15
62	;57	;13	;12	;12	;1069.15
63	;57	;13	;12	;12	;1069.15
64	;57	;13	;12	;12	;1069.15
65	;57	;13	;12	;12	;1069.15
66	;57	;13	;12	;12	;1069.15
67	;57	;13	;12	;12	;1069.15
68	;57	;13	;12	;12	;1069.15
69	;57	;13	;12	;12	;1069.15
70	;57	;13	;12	;12	;1069.15
71	;57	;13	;12	;12	;1069.15
72	;57	;13	;12	;12	;1069.15
73	;57	;13	;12	;12	;1069.15
74	;57	;13	;12	;12	;1069.15
75	;57	;13	;12	;12	;1069.15
76	;57	;13	;12	;12	;1069.15
77	;57	;13	;12	;12	;1069.15
78	;57	;13	;12	;12	;1069.15
79	;57	;13	;12	;12	;1069.15
80	;57	;13	;12	;12	;1069.15
81	;57	;13	;12	;12	;1069.15
82	;57	;13	;12	;12	;1069.15
83	;57	;13	;12	;12	;1069.15
84	;57	;13	;12	;12	;1069.15
85	;57	;13	;12	;12	;1069.15
86	;57	;13	;12	;12	;1069.15
87	;57	;13	;12	;12	;1069.15
88	;57	;13	;12	;12	;1069.15
89	;57	;13	;12	;12	;1069.15
90	;57	;13	;12	;12	;1069.15
91	;57	;13	;12	;12	;1069.15
92	;57	;13	;12	;12	;1069.15
93	;57	;13	;12	;12	;1069.15
94	;57	;13	;12	;12	;1069.15
95	;57	;13	;12	;12	;1069.15
96	;57	;13	;12	;12	;1069.15
97	;57	;13	;12	;12	;1069.15
98	;57	;13	;12	;12	;1069.15
99	;57	;13	;12	;12	;1069.15
100	;57	;13	;12	;12	;1069.15
101	;57	;13	;12	;12	;1069.15
102	;57	;13	;12	;12	;1069.15
103	;57	;13	;12	;12	;1069.15
104	;57	;13	;12	;12	;1069.15
105	;57	;13	;12	;12	;1069.15
106	;57	;13	;12	;12	;1069.15
107	;57	;13	;12	;12	;1069.15
108	;57	;13	;12	;12	;1069.15
109	;57	;13	;12	;12	;1069.15
110	;59	;13	;12	;12	;997.583
111	;59	;13	;12	;12	;997.583
112	;59	;13	;12	;12	;997.583
113	;59	;13	;12	;12	;997.583
114	;59	;13	;12	;12	;997.583
115	;59	;13	;12	;12	;997.583
116	;59	;13	;12	;12	;997.583
117	;59	;13	;12	;12	;997.583
118	;59	;13	;12	;12	;997.583
119	;59	;13	;12	;12	;997.583
120	;59	;13	;12	;12	;997.583
121	;59	;13	;12	;12	;997.583
122	;59	;13	;12	;12	;997.583
123	;59	;13	;12	;12	;997.583
124	;59	;13	;12	;12	;997.583
125	;59	;13	;12	;12	;997.583
126	;59	;13	;12	;12	;997.583
127	;59	;13	;12	;12	;997.583
128	;59	;13	;12	;12	;997.583
129	;59	;13	;12	;12	;997.583
130	;59	;13	;12	;12	;997.583
131	;59	;13	;12	;12	;997.583
132	;59	;13	;12	;12	;997.583
133	;59	;13	;12	;12	;997.583
134	;59	;13	;12	;12	;997.583
135	;59	;13	;12	;12	;997.583
136	;59	;13	;12	;12	;997.583
137	;59	;13	;12	;12	;997.583
138	;59	;13	;12	;12	;997.583
139	;59	;13	;12	;12	;997.583
140	;59	;13	;12	;12	;997.583
141	;59	;13	;12	;12	;997.583
142	;59	;13	;12	;12	;997.583
143	;59	;13	;12	;12	;997.583
144	;59	;13	;12	;12	;997.583
145	;59	;13	;12	;12	;997.583
146	;59	;13	;12	;12	;997.583
147	;59	;13	;12	;12	;997.583
148	;59	;13	;12	;12	;997.583
149	;59	;13	;12	;12	;997.583
150	;59	;13	;12	;12	;997.583

1	;55	;15	;13	;12	;1797.86
2	;55	;15	;13	;12	;1797.86
3	;55	;15	;13	;12	;1797.86
4	;58	;15	;12	;12	;1376.19
5	;58	;15	;12	;12	;1376.19
6	;58	;15	;12	;12	;1376.19
7	;58	;15	;12	;12	;1376.19
8	;57	;14	;12	;12	;1240.74
9	;57	;14	;12	;12	;1240.74
10	;57	;14	;12	;12	;1240.74
11	;57	;14	;12	;12	;1240.74
12	;57	;14	;12	;12	;1240.74
13	;57	;14	;12	;12	;1240.74
14	;57	;14	;12	;12	;1240.74
15	;57	;14	;12	;12	;1240.74
16	;57	;14	;12	;12	;1240.74
17	;58	;14	;12	;12	;1198.15
18	;58	;14	;12	;12	;1198.15
19	;58	;14	;12	;12	;1198.15
20	;58	;14	;12	;12	;1198.15
21	;58	;14	;12	;12	;1198.15
22	;58	;14	;12	;12	;1198.15
23	;58	;14	;12	;12	;1198.15
24	;58	;14	;12	;12	;1198.15
25	;58	;14	;12	;12	;1198.15
26	;58	;14	;12	;12	;1198.15
27	;58	;14	;12	;12	;1198.15
28	;58	;14	;12	;12	;1198.15
29	;58	;14	;12	;12	;1198.15
30	;58	;14	;12	;12	;1198.15
31	;58	;14	;12	;12	;1198.15
32	;58	;14	;12	;12	;1198.15
33	;58	;14	;12	;12	;1198.15
34	;58	;14	;12	;12	;1198.15
35	;58	;14	;12	;12	;1198.15
36	;58	;14	;12	;12	;1198.15
37	;58	;14	;12	;12	;1198.15
38	;60	;12	;12	;12	;821.15
39	;60	;12	;12	;12	;821.15
40	;60	;12	;12	;12	;821.15
41	;60	;12	;12	;12	;821.15
42	;60	;12	;12	;12	;821.15
43	;60	;12	;12	;12	;821.15
44	;60	;12	;12	;12	;821.15
45	;60	;12	;12	;12	;821.15
46	;60	;12	;12	;12	;821.15
47	;60	;12	;12	;12	;821.15
48	;60	;12	;12	;12	;821.15
49	;60	;12	;12	;12	;821.15
50	;60	;12	;12	;12	;821.15
51	;60	;12	;12	;12	;821.15
52	;60	;12	;12	;12	;821.15
53	;60	;12	;12	;12	;821.15
54	;60	;12	;12	;12	;821.15
55	;60	;12	;12	;12	;821.15
56	;60	;12	;12	;12	;821.15
57	;60	;12	;12	;12	;821.15
58	;60	;12	;12	;12	;821.15
59	;60	;12	;12	;12	;821.15
60	;60	;12	;12	;12	;821.15
61	;60	;12	;12	;12	;821.15
62	;60	;12	;12	;12	;821.15
63	;60	;12	;12	;12	;821.15
64	;60	;12	;12	;12	;821.15
65	;60	;12	;12	;12	;821.15
66	;60	;12	;12	;12	;821.15
67	;60	;12	;12	;12	;821.15
68	;60	;12	;12	;12	;821.15
69	;60	;12	;12	;12	;821.15
70	;60	;12	;12	;12	;821.15
71	;60	;12	;12	;12	;821.15
72	;60	;12	;12	;12	;821.15
73	;60	;12	;12	;12	;821.15
74	;60	;12	;12	;12	;821.15
75	;60	;12	;12	;12	;821.15
76	;60	;12	;12	;12	;821.15
77	;60	;12	;12	;12	;821.15
78	;60	;12	;12	;12	;821.15
79	;60	;12	;12	;12	;821.15
80	;60	;12	;12	;12	;821.15
81	;60	;12	;12	;12	;821.15
82	;60	;12	;12	;12	;821.15
83	;60	;12	;12	;12	;821.15
84	;60	;12	;12	;12	;821.15
85	;60	;12	;12	;12	;821.15
86	;60	;12	;12	;12	;821.15
87	;60	;12	;12	;12	;821.15
88	;60	;12	;12	;12	;821.15
89	;60	;12	;12	;12	;821.15
90	;60	;12	;12	;12	;821.15
91	;60	;12	;12	;12	;821.15
92	;60	;12	;12	;12	;821.15
93	;60	;12	;12	;12	;821.15
94	;60	;12	;12	;12	;821.15
95	;60	;12	;12	;12	;821.15
96	;60	;12	;12	;12	;821.15
97	;60	;12	;12	;12	;821.15
98	;60	;12	;12	;12	;821.15
99	;60	;12	;12	;12	;821.15
100	;60	;12	;12	;12	;821.15
101	;60	;12	;12	;12	;821.15
102	;60	;12	;12	;12	;821.15
103	;60	;12	;12	;12	;821.15
104	;60	;12	;12	;12	;821.15
105	;60	;12	;12	;12	;821.15
106	;60	;12	;12	;12	;821.15
107	;60	;12	;12	;12	;821.15
108	;60	;12	;12	;12	;821.15
109	;60	;12	;12	;12	;821.15
110	;60	;12	;12	;12	;821.15
111	;60	;12	;12	;12	;821.15
112	;60	;12	;12	;12	;821.15
113	;60	;12	;12	;12	;821.15
114	;60	;12	;12	;12	;821.15
115	;60	;12	;12	;12	;821.15
116	;60	;12	;12	;12	;821.15
117	;60	;12	;12	;12	;821.15
118	;60	;12	;12	;12	;821.15
119	;60	;12	;12	;12	;821.15
120	;60	;12	;12	;12	;821.15
121	;60	;12	;12	;12	;821.15
122	;60	;12	;12	;12	;821.15
123	;60	;12	;12	;12	;821.15
124	;60	;12	;12	;12	;821.15
125	;60	;12	;12	;12	;821.15
126	;60	;12	;12	;12	;821.15
127	;60	;12	;12	;12	;821.15
128	;60	;12	;12	;12	;821.15
129	;60	;12	;12	;12	;821.15
130	;60	;12	;12	;12	;821.15
131	;60	;12	;12	;12	;821.15
132	;60	;12	;12	;12	;821.15
133	;60	;12	;12	;12	;821.15
134	;60	;12	;12	;12	;821.15
135	;60	;12	;12	;12	;821.15
136	;60	;12	;12	;12	;821.15
137	;60	;12	;12	;12	;821.15
138	;60	;12	;12	;12	;821.15
139	;60	;12	;12	;12	;821.15
140	;60	;12	;12	;12	;821.15
141	;60	;12	;12	;12	;821.15
142	;60	;12	;12	;12	;821.15
143	;60	;12	;12	;12	;821.15
144	;60	;12	;12	;12	;821.15
145	;60	;12	;12	;12	;821.15
146	;60	;12	;12	;12	;821.15
147	;60	;12	;12	;12	;821.15
148	;60	;12	;12	;12	;821.15
149	;60	;12	;12	;12	;821.15
150	;60	;12	;12	;12	;821.15

1	;44	;16	;17	;14	;7465.16
2	;44	;16	;17	;14	;7465.16
3	;44	;15	;15	;14	;5104.62
4	;40	;12	;14	;13	;2965.43
5	;40	;12	;14	;13	;2965.43
6	;40	;12	;14	;13	;2965.43
7	;40	;12	;14	;13	;2965.43
8	;40	;12	;14	;13	;2965.43
9	;40	;12	;14	;13	;2965.43
10	;40	;12	;14	;13	;2965.43
11	;40	;12	;14	;13	;2965.43
12	;40	;12	;14	;12	;2525.64
13	;40	;12	;14	;12	;2525.64
14	;40	;12	;14	;12	;2525.64
15	;40	;12	;14	;12	;2525.64
16	;40	;12	;14	;12	;2525.64
17	;40	;12	;14	;12	;2525.64
18	;40	;12	;14	;12	;2525.64
19	;40	;12	;14	;12	;2525.64
20	;40	;12	;14	;12	;2525.64
21	;41	;12	;14	;12	;2403.59
22	;41	;12	;14	;12	;2403.59
23	;41	;12	;14	;12	;2403.59
24	;42	;12	;14	;12	;2290.17
25	;51	;12	;14	;14	;2113.55
26	;59	;12	;14	;13	;1359.59
27	;59	;12	;14	;13	;1359.59
28	;59	;12	;14	;13	;1359.59
29	;59	;12	;14	;13	;1359.59
30	;60	;12	;14	;13	;1314.48
31	;60	;12	;14	;13	;1314.48
32	;60	;12	;14	;13	;1314.48
33	;60	;12	;14	;13	;1314.48
34	;60	;12	;14	;13	;1314.48
35	;60	;12	;14	;13	;1314.48
36	;59	;12	;14	;12	;1157.72
37	;59	;12	;14	;12	;1157.72
38	;59	;12	;14	;12	;1157.72
39	;59	;12	;14	;12	;1157.72
40	;59	;12	;14	;12	;1157.72
41	;59	;12	;14	;12	;1157.72
42	;59	;12	;14	;12	;1157.72
43	;59	;12	;14	;12	;1157.72
44	;59	;12	;14	;12	;1157.72
45	;59	;12	;14	;12	;1157.72
46	;59	;12	;14	;12	;1157.72
47	;59	;12	;14	;12	;1157.72
48	;59	;12	;14	;12	;1157.72
49	;59	;12	;14	;12	;1157.72
50	;59	;12	;14	;12	;1157.72
51	;59	;12	;14	;12	;1157.72
52	;60	;12	;14	;12	;1119.29
53	;60	;12	;14	;12	;1119.29
54	;60	;12	;14	;12	;1119.29
55	;60	;12	;14	;12	;1119.29
56	;60	;12	;14	;12	;1119.29
57	;60	;12	;13	;12	;964.458
58	;60	;12	;12	;12	;821.15
59	;60	;12	;12	;12	;821.15
60	;60	;12	;12	;12	;821.15
61	;60	;12	;12	;12	;821.15
62	;60	;12	;12	;12	;821.15
63	;60	;12	;12	;12	;821.15
64	;60	;12	;12	;12	;821.15
65	;60	;12	;12	;12	;821.15
66	;60	;12	;12	;12	;821.15
67	;60	;12	;12	;12	;821.15
68	;60	;12	;12	;12	;821.15
69	;60	;12	;12	;12	;821.15
70	;60	;12	;12	;12	;821.15
71	;60	;12	;12	;12	;821.15
72	;60	;12	;12	;12	;821.15
73	;60	;12	;12	;12	;821.15
74	;60	;12	;12	;12	;821.15
75	;60	;12	;12	;12	;821.15
76	;60	;12	;12	;12	;821.15
77	;60	;12	;12	;12	;821.15
78	;60	;12	;12	;12	;821.15
79	;60	;12	;12	;12	;821.15
80	;60	;12	;12	;12	;821.15
81	;60	;12	;12	;12	;821.15
82	;60	;12	;12	;12	;821.15
83	;60	;12	;12	;12	;821.15
84	;60	;12	;12	;12	;821.15
85	;60	;12	;12	;12	;821.15
86	;60	;12	;12	;12	;821.15
87	;60	;12	;12	;12	;821.15
88	;60	;12	;12	;12	;821.15
89	;60	;12	;12	;12	;821.15
90	;60	;12	;12	;12	;821.15
91	;60	;12	;12	;12	;821.15
92	;60	;12	;12	;12	;821.15
93	;60	;12	;12	;12	;821.15
94	;60	;12	;12	;12	;821.15
95	;60	;12	;12	;12	;821.15
96	;60	;12	;12	;12	;821.15
97	;60	;12	;12	;12	;821.15
98	;60	;12	;12	;12	;821.15
99	;60	;12	;12	;12	;821.15
100	;60	;12	;12	;12	;821.15
101	;60	;12	;12	;12	;821.15
102	;60	;12	;12	;12	;821.15
103	;60	;12	;12	;12	;821.15
104	;60	;12	;12	;12	;821.15
105	;60	;12	;12	;12	;821.15
106	;60	;12	;12	;12	;821.15
107	;60	;12	;12	;12	;821.15
108	;60	;12	;12	;12	;821.15
109	;60	;12	;12	;12	;821.15
110	;60	;12	;12	;12	;821.15
111	;60	;12	;12	;12	;821.15
112	;60	;12	;12	;12	;821.15
113	;60	;12	;12	;12	;821.15
114	;60	;12	;12	;12	;821.15
115	;60	;12	;12	;12	;821.15
116	;60	;12	;12	;12	;821.15
117	;60	;12	;12	;12	;821.15
118	;60	;12	;12	;12	;821.15
119	;60	;12	;12	;12	;821.15
120	;60	;12	;12	;12	;821.15
121	;60	;12	;12	;12	;821.15
122	;60	;12	;12	;12	;821.15
123	;60	;12	;12	;12	;821.15
124	;60	;12	;12	;12	;821.15
125	;60	;12	;12	;12	;821.15
126	;60	;12	;12	;12	;821.15
127	;60	;12	;12	;12	;821.15
128	;60	;12	;12	;12	;821.15
129	;60	;12	;12	;12	;821.15
130	;60	;12	;12	;12	;821.15
131	;60	;12	;12	;12	;821.15
132	;60	;12	;12	;12	;821.15
133	;60	;12	;12	;12	;821.15
134	;60	;12	;12	;12	;821.15
135	;60	;12	;12	;12	;821.15
136	;60	;12	;12	;12	;821.15
137	;60	;12	;12	;12	;821.15
138	;60	;12	;12	;12	;821.15
139	;60	;12	;12	;12	;821.15
140	;60	;12	;12	;12	;821.15
141	;60	;12	;12	;12	;821.15
142	;60	;12	;12	;12	;821.15
143	;60	;12	;12	;12	;821.15
144	;60	;12	;12	;12	;821.15
145	;60	;12	;12	;12	;821.15
146	;60	;12	;12	;12	;821.15
147	;60	;12	;12	;12	;821.15
148	;60	;12	;12	;12	;821.15
149	;60	;12	;12	;12	;821.15
150	;60	;12	;12	;12	;821.15

1	;33	;14	;28	;12	;20278.1
2	;42	;12	;36	;12	;15199
3	;53	;14	;13	;16	;3002.94
4	;53	;14	;13	;16	;3002.94
5	;53	;14	;13	;16	;3002.94
6	;53	;12	;13	;13	;1453.12
7	;53	;12	;13	;13	;1453.12
8	;53	;12	;13	;13	;1453.12
9	;53	;12	;13	;13	;1453.12
10	;53	;12	;13	;13	;1453.12
11	;54	;12	;13	;13	;1399.6
12	;59	;13	;13	;13	;1375.89
13	;59	;13	;13	;13	;1375.89
14	;59	;13	;13	;12	;1171.6
15	;59	;13	;13	;12	;1171.6
16	;58	;13	;12	;12	;1032.44
17	;59	;13	;12	;12	;997.583
18	;59	;12	;12	;12	;849.364
19	;60	;12	;12	;12	;821.15
20	;60	;12	;12	;12	;821.15
21	;60	;12	;12	;12	;821.15
22	;60	;12	;12	;12	;821.15
23	;60	;12	;12	;12	;821.15
24	;60	;12	;12	;12	;821.15
25	;60	;12	;12	;12	;821.15
26	;60	;12	;12	;12	;821.15
27	;60	;12	;12	;12	;821.15
28	;60	;12	;12	;12	;821.15
29	;60	;12	;12	;12	;821.15
30	;60	;12	;12	;12	;821.15
31	;60	;12	;12	;12	;821.15
32	;60	;12	;12	;12	;821.15
33	;60	;12	;12	;12	;821.15
34	;60	;12	;12	;12	;821.15
35	;60	;12	;12	;12	;821.15
36	;60	;12	;12	;12	;821.15
37	;60	;12	;12	;12	;821.15
38	;60	;12	;12	;12	;821.15
39	;60	;12	;12	;12	;821.15
40	;60	;12	;12	;12	;821.15
41	;60	;12	;12	;12	;821.15
42	;60	;12	;12	;12	;821.15
43	;60	;12	;12	;12	;821.15
44	;60	;12	;12	;12	;821.15
45	;60	;12	;12	;12	;821.15
46	;60	;12	;12	;12	;821.15
47	;60	;12	;12	;12	;821.15
48	;60	;12	;12	;12	;821.15
49	;60	;12	;12	;12	;821.15
50	;60	;12	;12	;12	;821.15
51	;60	;12	;12	;12	;821.15
52	;60	;12	;12	;12	;821.15
53	;60	;12	;12	;12	;821.15
54	;60	;12	;12	;12	;821.15
55	;60	;12	;12	;12	;821.15
56	;60	;12	;12	;12	;821.15
57	;60	;12	;12	;12	;821.15
58	;60	;12	;12	;12	;821.15
59	;60	;12	;12	;12	;821.15
60	;60	;12	;12	;12	;821.15
61	;60	;12	;12	;12	;821.15
62	;60	;12	;12	;12	;821.15
63	;60	;12	;12	;12	;821.15
64	;60	;12	;12	;12	;821.15
65	;60	;12	;12	;12	;821.15
66	;60	;12	;12	;12	;821.15
67	;60	;12	;12	;12	;821.15
68	;60	;12	;12	;12	;821.15
69	;60	;12	;12	;12	;821.15
70	;60	;12	;12	;12	;821.15
71	;60	;12	;12	;12	;821.15
72	;60	;12	;12	;12	;821.15
73	;60	;12	;12	;12	;821.15
74	;60	;12	;12	;12	;821.15
75	;60	;12	;12	;12	;821.15
76	;60	;12	;12	;12	;821.15
77	;60	;12	;12	;12	;821.15
78	;60	;12	;12	;12	;821.15
79	;60	;12	;12	;12	;821.15
80	;60	;12	;12	;12	;821.15
81	;60	;12	;12	;12	;821.15
82	;60	;12	;12	;12	;821.15
83	;60	;12	;12	;12	;821.15
84	;60	;12	;12	;12	;821.15
85	;60	;12	;12	;12	;821.15
86	;60	;12	;12	;12	;821.15
87	;60	;12	;12	;12	;821.15
88	;60	;12	;12	;12	;821.15
89	;60	;12	;12	;12	;821.15
90	;60	;12	;12	;12	;821.15
91	;60	;12	;12	;12	;821.15
92	;60	;12	;12	;12	;821.15
93	;60	;12	;12	;12	;821.15
94	;60	;12	;12	;12	;821.15
95	;60	;12	;12	;12	;821.15
96	;60	;12	;12	;12	;821.15
97	;60	;12	;12	;12	;821.15
98	;60	;12	;12	;12	;821.15
99	;60	;12	;12	;12	;821.15
100	;60	;12	;12	;12	;821.15
101	;60	;12	;12	;12	;821.15
102	;60	;12	;12	;12	;821.15
103	;60	;12	;12	;12	;821.15
104	;60	;12	;12	;12	;821.15
105	;60	;12	;12	;12	;821.15
106	;60	;12	;12	;12	;821.15
107	;60	;12	;12	;12	;821.15
108	;60	;12	;12	;12	;821.15
109	;60	;12	;12	;12	;821.15
110	;60	;12	;12	;12	;821.15
111	;60	;12	;12	;12	;821.15
112	;60	;12	;12	;12	;821.15
113	;60	;12	;12	;12	;821.15
114	;60	;12	;12	;12	;821.15
115	;60	;12	;12	;12	;821.15
116	;60	;12	;12	;12	;821.15
117	;60	;12	;12	;12	;821.15
118	;60	;12	;12	;12	;821.15
119	;60	;12	;12	;12	;821.15
120	;60	;12	;12	;12	;821.15
121	;60	;12	;12	;12	;821.15
122	;60	;12	;12	;12	;821.15
123	;60	;12	;12	;12	;821.15
124	;60	;12	;12	;12	;821.15
125	;60	;12	;12	;12	;821.15
126	;60	;12	;12	;12	;821.15
127	;60	;12	;12	;12	;821.15
128	;60	;12	;12	;12	;821.15
129	;60	;12	;12	;12	;821.15
130	;60	;12	;12	;12	;821.15
131	;60	;12	;12	;12	;821.15
132	;60	;12	;12	;12	;821.15
133	;60	;12	;12	;12	;821.15
134	;60	;12	;12	;12	;821.15
135	;60	;12	;12	;12	;821.15
136	;60	;12	;12	;12	;821.15
137	;60	;12	;12	;12	;821.15
138	;60	;12	;12	;12	;821.15
139	;60	;12	;12	;12	;821.15
140	;60	;12	;12	;12	;821.15
141	;60	;12	;12	;12	;821.15
142	;60	;12	;12	;12	;821.15
143	;60	;12	;12	;12	;821.15
144	;60	;12	;12	;12	;821.15
145	;60	;12	;12	;12	;821.15
146	;60	;12	;12	;12	;821.15
147	;60	;12	;12	;12	;821.15
148	;60	;12	;12	;12	;821.15
149	;60	;12	;12	;12	;821.15
150	;60	;12	;12	;12	;821.15

1	;59	;17	;12	;15	;2674.97
2	;59	;17	;12	;15	;2674.97
3	;59	;17	;12	;15	;2674.97
4	;59	;17	;12	;15	;2674.97
5	;59	;17	;12	;15	;2674.97
6	;53	;13	;13	;14	;1980
7	;52	;12	;13	;13	;1509.77
8	;56	;12	;12	;13	;1107.84
9	;56	;12	;12	;13	;1107.84
10	;56	;12	;12	;13	;1107.84
11	;56	;12	;12	;13	;1107.84
12	;56	;12	;12	;12	;943.28
13	;56	;12	;12	;12	;943.28
14	;56	;12	;12	;12	;943.28
15	;56	;12	;12	;12	;943.28
16	;56	;12	;12	;12	;943.28
17	;56	;12	;12	;12	;943.28
18	;56	;12	;12	;12	;943.28
19	;56	;12	;12	;12	;943.28
20	;56	;12	;12	;12	;943.28
21	;56	;12	;12	;12	;943.28
22	;56	;12	;12	;12	;943.28
23	;56	;12	;12	;12	;943.28
24	;56	;12	;12	;12	;943.28
25	;56	;12	;12	;12	;943.28
26	;56	;12	;12	;12	;943.28
27	;56	;12	;12	;12	;943.28
28	;56	;12	;12	;12	;943.28
29	;56	;12	;12	;12	;943.28
30	;56	;12	;12	;12	;943.28
31	;56	;12	;12	;12	;943.28
32	;56	;12	;12	;12	;943.28
33	;56	;12	;12	;12	;943.28
34	;56	;12	;12	;12	;943.28
35	;56	;12	;12	;12	;943.28
36	;56	;12	;12	;12	;943.28
37	;56	;12	;12	;12	;943.28
38	;56	;12	;12	;12	;943.28
39	;56	;12	;12	;12	;943.28
40	;56	;12	;12	;12	;943.28
41	;56	;12	;12	;12	;943.28
42	;56	;12	;12	;12	;943.28
43	;56	;12	;12	;12	;943.28
44	;56	;12	;12	;12	;943.28
45	;56	;12	;12	;12	;943.28
46	;56	;12	;12	;12	;943.28
47	;56	;12	;12	;12	;943.28
48	;56	;12	;12	;12	;943.28
49	;56	;12	;12	;12	;943.28
50	;56	;12	;12	;12	;943.28
51	;56	;12	;12	;12	;943.28
52	;56	;12	;12	;12	;943.28
53	;56	;12	;12	;12	;943.28
54	;56	;12	;12	;12	;943.28
55	;56	;12	;12	;12	;943.28
56	;56	;12	;12	;12	;943.28
57	;56	;12	;12	;12	;943.28
58	;56	;12	;12	;12	;943.28
59	;56	;12	;12	;12	;943.28
60	;56	;12	;12	;12	;943.28
61	;56	;12	;12	;12	;943.28
62	;56	;12	;12	;12	;943.28
63	;56	;12	;12	;12	;943.28
64	;56	;12	;12	;12	;943.28
65	;56	;12	;12	;12	;943.28
66	;56	;12	;12	;12	;943.28
67	;56	;12	;12	;12	;943.28
68	;56	;12	;12	;12	;943.28
69	;56	;12	;12	;12	;943.28
70	;56	;12	;12	;12	;943.28
71	;56	;12	;12	;12	;943.28
72	;56	;12	;12	;12	;943.28
73	;56	;12	;12	;12	;943.28
74	;56	;12	;12	;12	;943.28
75	;56	;12	;12	;12	;943.28
76	;56	;12	;12	;12	;943.28
77	;56	;12	;12	;12	;943.28
78	;56	;12	;12	;12	;943.28
79	;56	;12	;12	;12	;943.28
80	;56	;12	;12	;12	;943.28
81	;56	;12	;12	;12	;943.28
82	;56	;12	;12	;12	;943.28
83	;56	;12	;12	;12	;943.28
84	;56	;12	;12	;12	;943.28
85	;56	;12	;12	;12	;943.28
86	;56	;12	;12	;12	;943.28
87	;56	;12	;12	;12	;943.28
88	;56	;12	;12	;12	;943.28
89	;56	;12	;12	;12	;943.28
90	;56	;12	;12	;12	;943.28
91	;56	;12	;12	;12	;943.28
92	;56	;12	;12	;12	;943.28
93	;56	;12	;12	;12	;943.28
94	;56	;12	;12	;12	;943.28
95	;56	;12	;12	;12	;943.28
96	;56	;12	;12	;12	;943.28
97	;56	;12	;12	;12	;943.28
98	;56	;12	;12	;12	;943.28
99	;56	;12	;12	;12	;943.28
100	;56	;12	;12	;12	;943.28
101	;56	;12	;12	;12	;943.28
102	;56	;12	;12	;12	;943.28
103	;56	;12	;12	;12	;943.28
104	;56	;12	;12	;12	;943.28
105	;56	;12	;12	;12	;943.28
106	;56	;12	;12	;12	;943.28
107	;56	;12	;12	;12	;943.28
108	;56	;12	;12	;12	;943.28
109	;56	;12	;12	;12	;943.28
110	;56	;12	;12	;12	;943.28
111	;56	;12	;12	;12	;943.28
112	;56	;12	;12	;12	;943.28
113	;56	;12	;12	;12	;943.28
114	;56	;12	;12	;12	;943.28
115	;56	;12	;12	;12	;943.28
116	;56	;12	;12	;12	;943.28
117	;56	;12	;12	;12	;943.28
118	;56	;12	;12	;12	;943.28
119	;56	;12	;12	;12	;943.28
120	;56	;12	;12	;12	;943.28
121	;56	;12	;12	;12	;943.28
122	;56	;12	;12	;12	;943.28
123	;56	;12	;12	;12	;943.28
124	;56	;12	;12	;12	;943.28
125	;56	;12	;12	;12	;943.28
126	;56	;12	;12	;12	;943.28
127	;56	;12	;12	;12	;943.28
128	;56	;12	;12	;12	;943.28
129	;56	;12	;12	;12	;943.28
130	;56	;12	;12	;12	;943.28
131	;56	;12	;12	;12	;943.28
132	;56	;12	;12	;12	;943.28
133	;56	;12	;12	;12	;943.28
134	;56	;12	;12	;12	;943.28
135	;56	;12	;12	;12	;943.28
136	;56	;12	;12	;12	;943.28
137	;56	;12	;12	;12	;943.28
138	;56	;12	;12	;12	;943.28
139	;56	;12	;12	;12	;943.28
140	;56	;12	;12	;12	;943.28
141	;56	;12	;12	;12	;943.28
142	;56	;12	;12	;12	;943.28
143	;56	;12	;12	;12	;943.28
144	;56	;12	;12	;12	;943.28
145	;56	;12	;12	;12	;943.28
146	;56	;12	;12	;12	;943.28
147	;56	;12	;12	;12	;943.28
148	;56	;12	;12	;12	;943.28
149	;56	;12	;12	;12	;943.28
150	;56	;12	;12	;12	;943.28

1	;47	;12	;32	;12	;9584.07
2	;47	;12	;32	;12	;9584.07
3	;47	;12	;32	;12	;9584.07
4	;54	;12	;16	;26	;8519.32
5	;55	;12	;17	;17	;3957.7
6	;60	;13	;12	;12	;964.458
7	;60	;13	;12	;12	;964.458
8	;60	;13	;12	;12	;964.458
9	;60	;12	;12	;12	;821.15
10	;60	;12	;12	;12	;821.15
11	;60	;12	;12	;12	;821.15
12	;60	;12	;12	;12	;821.15
13	;60	;12	;12	;12	;821.15
14	;60	;12	;12	;12	;821.15
15	;60	;12	;12	;12	;821.15
16	;60	;12	;12	;12	;821.15
17	;60	;12	;12	;12	;821.15
18	;60	;12	;12	;12	;821.15
19	;60	;12	;12	;12	;821.15
20	;60	;12	;12	;12	;821.15
21	;60	;12	;12	;12	;821.15
22	;60	;12	;12	;12	;821.15
23	;60	;12	;12	;12	;821.15
24	;60	;12	;12	;12	;821.15
25	;60	;12	;12	;12	;821.15
26	;60	;12	;12	;12	;821.15
27	;60	;12	;12	;12	;821.15
28	;60	;12	;12	;12	;821.15
29	;60	;12	;12	;12	;821.15
30	;60	;12	;12	;12	;821.15
31	;60	;12	;12	;12	;821.15
32	;60	;12	;12	;12	;821.15
33	;60	;12	;12	;12	;821.15
34	;60	;12	;12	;12	;821.15
35	;60	;12	;12	;12	;821.15
36	;60	;12	;12	;12	;821.15
37	;60	;12	;12	;12	;821.15
38	;60	;12	;12	;12	;821.15
39	;60	;12	;12	;12	;821.15
40	;60	;12	;12	;12	;821.15
41	;60	;12	;12	;12	;821.15
42	;60	;12	;12	;12	;821.15
43	;60	;12	;12	;12	;821.15
44	;60	;12	;12	;12	;821.15
45	;60	;12	;12	;12	;821.15
46	;60	;12	;12	;12	;821.15
47	;60	;12	;12	;12	;821.15
48	;60	;12	;12	;12	;821.15
49	;60	;12	;12	;12	;821.15
50	;60	;12	;12	;12	;821.15
51	;60	;12	;12	;12	;821.15
52	;60	;12	;12	;12	;821.15
53	;60	;12	;12	;12	;821.15
54	;60	;12	;12	;12	;821.15
55	;60	;12	;12	;12	;821.15
56	;60	;12	;12	;12	;821.15
57	;60	;12	;12	;12	;821.15
58	;60	;12	;12	;12	;821.15
59	;60	;12	;12	;12	;821.15
60	;60	;12	;12	;12	;821.15
61	;60	;12	;12	;12	;821.15
62	;60	;12	;12	;12	;821.15
63	;60	;12	;12	;12	;821.15
64	;60	;12	;12	;12	;821.15
65	;60	;12	;12	;12	;821.15
66	;60	;12	;12	;12	;821.15
67	;60	;12	;12	;12	;821.15
68	;60	;12	;12	;12	;821.15
69	;60	;12	;12	;12	;821.15
70	;60	;12	;12	;12	;821.15
71	;60	;12	;12	;12	;821.15
72	;60	;12	;12	;12	;821.15
73	;60	;12	;12	;12	;821.15
74	;60	;12	;12	;12	;821.15
75	;60	;12	;12	;12	;821.15
76	;60	;12	;12	;12	;821.15
77	;60	;12	;12	;12	;821.15
78	;60	;12	;12	;12	;821.15
79	;60	;12	;12	;12	;821.15
80	;60	;12	;12	;12	;821.15
81	;60	;12	;12	;12	;821.15
82	;60	;12	;12	;12	;821.15
83	;60	;12	;12	;12	;821.15
84	;60	;12	;12	;12	;821.15
85	;60	;12	;12	;12	;821.15
86	;60	;12	;12	;12	;821.15
87	;60	;12	;12	;12	;821.15
88	;60	;12	;12	;12	;821.15
89	;60	;12	;12	;12	;821.15
90	;60	;12	;12	;12	;821.15
91	;60	;12	;12	;12	;821.15
92	;60	;12	;12	;12	;821.15
93	;60	;12	;12	;12	;821.15
94	;60	;12	;12	;12	;821.15
95	;60	;12	;12	;12	;821.15
96	;60	;12	;12	;12	;821.15
97	;60	;12	;12	;12	;821.15
98	;60	;12	;12	;12	;821.15
99	;60	;12	;12	;12	;821.15
100	;60	;12	;12	;12	;821.15
101	;60	;12	;12	;12	;821.15
102	;60	;12	;12	;12	;821.15
103	;60	;12	;12	;12	;821.15
104	;60	;12	;12	;12	;821.15
105	;60	;12	;12	;12	;821.15
106	;60	;12	;12	;12	;821.15
107	;60	;12	;12	;12	;821.15
108	;60	;12	;12	;12	;821.15
109	;60	;12	;12	;12	;821.15
110	;60	;12	;12	;12	;821.15
111	;60	;12	;12	;12	;821.15
112	;60	;12	;12	;12	;821.15
113	;60	;12	;12	;12	;821.15
114	;60	;12	;12	;12	;821.15
115	;60	;12	;12	;12	;821.15
116	;60	;12	;12	;12	;821.15
117	;60	;12	;12	;12	;821.15
118	;60	;12	;12	;12	;821.15
119	;60	;12	;12	;12	;821.15
120	;60	;12	;12	;12	;821.15
121	;60	;12	;12	;12	;821.15
122	;60	;12	;12	;12	;821.15
123	;60	;12	;12	;12	;821.15
124	;60	;12	;12	;12	;821.15
125	;60	;12	;12	;12	;821.15
126	;60	;12	;12	;12	;821.15
127	;60	;12	;12	;12	;821.15
128	;60	;12	;12	;12	;821.15
129	;60	;12	;12	;12	;821.15
130	;60	;12	;12	;12	;821.15
131	;60	;12	;12	;12	;821.15
132	;60	;12	;12	;12	;821.15
133	;60	;12	;12	;12	;821.15
134	;60	;12	;12	;12	;821.15
135	;60	;12	;12	;12	;821.15
136	;60	;12	;12	;12	;821.15
137	;60	;12	;12	;12	;821.15
138	;60	;12	;12	;12	;821.15
139	;60	;12	;12	;12	;821.15
140	;60	;12	;12	;12	;821.15
141	;60	;12	;12	;12	;821.15
142	;60	;12	;12	;12	;821.15
143	;60	;12	;12	;12	;821.15
144	;60	;12	;12	;12	;821.15
145	;60	;12	;12	;12	;821.15
146	;60	;12	;12	;12	;821.15
147	;60	;12	;12	;12	;821.15
148	;60	;12	;12	;12	;821.15
149	;60	;12	;12	;12	;821.15
150	;60	;12	;12	;12	;821.15

1	;60	;13	;26	;21	;13960.8
2	;58	;13	;17	;12	;2077.52
3	;58	;13	;17	;12	;2077.52
4	;58	;13	;17	;12	;2077.52
5	;58	;13	;17	;12	;2077.52
6	;58	;13	;17	;12	;2077.52
7	;58	;13	;17	;12	;2077.52
8	;59	;13	;17	;12	;2007.48
9	;59	;13	;17	;12	;2007.48
10	;60	;13	;17	;12	;1940.91
11	;60	;13	;17	;12	;1940.91
12	;60	;12	;14	;13	;1314.48
13	;60	;12	;14	;13	;1314.48
14	;60	;13	;13	;12	;1132.71
15	;60	;13	;13	;12	;1132.71
16	;60	;13	;12	;12	;964.458
17	;60	;13	;12	;12	;964.458
18	;60	;13	;12	;12	;964.458
19	;58	;12	;12	;12	;879.053
20	;58	;12	;12	;12	;879.053
21	;58	;12	;12	;12	;879.053
22	;58	;12	;12	;12	;879.053
23	;58	;12	;12	;12	;879.053
24	;58	;12	;12	;12	;879.053
25	;58	;12	;12	;12	;879.053
26	;58	;12	;12	;12	;879.053
27	;58	;12	;12	;12	;879.053
28	;58	;12	;12	;12	;879.053
29	;58	;12	;12	;12	;879.053
30	;58	;12	;12	;12	;879.053
31	;59	;12	;12	;12	;849.364
32	;60	;12	;12	;12	;821.15
33	;60	;12	;12	;12	;821.15
34	;60	;12	;12	;12	;821.15
35	;60	;12	;12	;12	;821.15
36	;60	;12	;12	;12	;821.15
37	;60	;12	;12	;12	;821.15
38	;60	;12	;12	;12	;821.15
39	;60	;12	;12	;12	;821.15
40	;60	;12	;12	;12	;821.15
41	;60	;12	;12	;12	;821.15
42	;60	;12	;12	;12	;821.15
43	;60	;12	;12	;12	;821.15
44	;60	;12	;12	;12	;821.15
45	;60	;12	;12	;12	;821.15
46	;60	;12	;12	;12	;821.15
47	;60	;12	;12	;12	;821.15
48	;60	;12	;12	;12	;821.15
49	;60	;12	;12	;12	;821.15
50	;60	;12	;12	;12	;821.15
51	;60	;12	;12	;12	;821.15
52	;60	;12	;12	;12	;821.15
53	;60	;12	;12	;12	;821.15
54	;60	;12	;12	;12	;821.15
55	;60	;12	;12	;12	;821.15
56	;60	;12	;12	;12	;821.15
57	;60	;12	;12	;12	;821.15
58	;60	;12	;12	;12	;821.15
59	;60	;12	;12	;12	;821.15
60	;60	;12	;12	;12	;821.15
61	;60	;12	;12	;12	;821.15
62	;60	;12	;12	;12	;821.15
63	;60	;12	;12	;12	;821.15
64	;60	;12	;12	;12	;821.15
65	;60	;12	;12	;12	;821.15
66	;60	;12	;12	;12	;821.15
67	;60	;12	;12	;12	;821.15
68	;60	;12	;12	;12	;821.15
69	;60	;12	;12	;12	;821.15
70	;60	;12	;12	;12	;821.15
71	;60	;12	;12	;12	;821.15
72	;60	;12	;12	;12	;821.15
73	;60	;12	;12	;12	;821.15
74	;60	;12	;12	;12	;821.15
75	;60	;12	;12	;12	;821.15
76	;60	;12	;12	;12	;821.15
77	;60	;12	;12	;12	;821.15
78	;60	;12	;12	;12	;821.15
79	;60	;12	;12	;12	;821.15
80	;60	;12	;12	;12	;821.15
81	;60	;12	;12	;12	;821.15
82	;60	;12	;12	;12	;821.15
83	;60	;12	;12	;12	;821.15
84	;60	;12	;12	;12	;821.15
85	;60	;12	;12	;12	;821.15
86	;60	;12	;12	;12	;821.15
87	;60	;12	;12	;12	;821.15
88	;60	;12	;12	;12	;821.15
89	;60	;12	;12	;12	;821.15
90	;60	;12	;12	;12	;821.15
91	;60	;12	;12	;12	;821.15
92	;60	;12	;12	;12	;821.15
93	;60	;12	;12	;12	;821.15
94	;60	;12	;12	;12	;821.15
95	;60	;12	;12	;12	;821.15
96	;60	;12	;12	;12	;821.15
97	;60	;12	;12	;12	;821.15
98	;60	;12	;12	;12	;821.15
99	;60	;12	;12	;12	;821.15
100	;60	;12	;12	;12	;821.15
101	;60	;12	;12	;12	;821.15
102	;60	;12	;12	;12	;821.15
103	;60	;12	;12	;12	;821.15
104	;60	;12	;12	;12	;821.15
105	;60	;12	;12	;12	;821.15
106	;60	;12	;12	;12	;821.15
107	;60	;12	;12	;12	;821.15
108	;60	;12	;12	;12	;821.15
109	;60	;12	;12	;12	;821.15
110	;60	;12	;12	;12	;821.15
111	;60	;12	;12	;12	;821.15
112	;60	;12	;12	;12	;821.15
113	;60	;12	;12	;12	;821.15
114	;60	;12	;12	;12	;821.15
115	;60	;12	;12	;12	;821.15
116	;60	;12	;12	;12	;821.15
117	;60	;12	;12	;12	;821.15
118	;60	;12	;12	;12	;821.15
119	;60	;12	;12	;12	;821.15
120	;60	;12	;12	;12	;821.15
121	;60	;12	;12	;12	;821.15
122	;60	;12	;12	;12	;821.15
123	;60	;12	;12	;12	;821.15
124	;60	;12	;12	;12	;821.15
125	;60	;12	;12	;12	;821.15
126	;60	;12	;12	;12	;821.15
127	;60	;12	;12	;12	;821.15
128	;60	;12	;12	;12	;821.15
129	;60	;12	;12	;12	;821.15
130	;60	;12	;12	;12	;821.15
131	;60	;12	;12	;12	;821.15
132	;60	;12	;12	;12	;821.15
133	;60	;12	;12	;12	;821.15
134	;60	;12	;12	;12	;821.15
135	;60	;12	;12	;12	;821.15
136	;60	;12	;12	;12	;821.15
137	;60	;12	;12	;12	;821.15
138	;60	;12	;12	;12	;821.15
139	;60	;12	;12	;12	;821.15
140	;60	;12	;12	;12	;821.15
141	;60	;12	;12	;12	;821.15
142	;60	;12	;12	;12	;821.15
143	;60	;12	;12	;12	;821.15
144	;60	;12	;12	;12	;821.15
145	;60	;12	;12	;12	;821.15
146	;60	;12	;12	;12	;821.15
147	;60	;12	;12	;12	;821.15
148	;60	;12	;12	;12	;821.15
149	;60	;12	;12	;12	;821.15
150	;60	;12	;12	;12	;821.15

1	;54	;12	;17	;23	;7524.63
2	;60	;22	;15	;12	;4336.98
3	;60	;22	;15	;12	;4336.98
4	;60	;22	;15	;12	;4336.98
5	;60	;22	;15	;12	;4336.98
6	;57	;14	;14	;12	;1690.76
7	;57	;14	;14	;12	;1690.76
8	;57	;14	;14	;12	;1690.76
9	;57	;14	;14	;12	;1690.76
10	;57	;14	;14	;12	;1690.76
11	;57	;14	;14	;12	;1690.76
12	;58	;13	;14	;13	;1652.33
13	;58	;13	;14	;13	;1652.33
14	;58	;13	;14	;13	;1652.33
15	;58	;13	;14	;13	;1652.33
16	;58	;13	;13	;12	;1212.52
17	;58	;13	;13	;12	;1212.52
18	;58	;13	;13	;12	;1212.52
19	;58	;13	;13	;12	;1212.52
20	;58	;13	;13	;12	;1212.52
21	;56	;13	;12	;12	;1107.84
22	;56	;13	;12	;12	;1107.84
23	;56	;13	;12	;12	;1107.84
24	;56	;13	;12	;12	;1107.84
25	;56	;13	;12	;12	;1107.84
26	;56	;13	;12	;12	;1107.84
27	;56	;13	;12	;12	;1107.84
28	;56	;13	;12	;12	;1107.84
29	;56	;13	;12	;12	;1107.84
30	;56	;13	;12	;12	;1107.84
31	;56	;13	;12	;12	;1107.84
32	;56	;13	;12	;12	;1107.84
33	;56	;13	;12	;12	;1107.84
34	;56	;13	;12	;12	;1107.84
35	;56	;13	;12	;12	;1107.84
36	;56	;13	;12	;12	;1107.84
37	;56	;13	;12	;12	;1107.84
38	;57	;13	;12	;12	;1069.15
39	;57	;13	;12	;12	;1069.15
40	;57	;13	;12	;12	;1069.15
41	;57	;13	;12	;12	;1069.15
42	;57	;13	;12	;12	;1069.15
43	;57	;13	;12	;12	;1069.15
44	;57	;13	;12	;12	;1069.15
45	;57	;13	;12	;12	;1069.15
46	;57	;13	;12	;12	;1069.15
47	;57	;13	;12	;12	;1069.15
48	;59	;13	;12	;12	;997.583
49	;59	;13	;12	;12	;997.583
50	;59	;13	;12	;12	;997.583
51	;59	;13	;12	;12	;997.583
52	;59	;13	;12	;12	;997.583
53	;59	;13	;12	;12	;997.583
54	;59	;13	;12	;12	;997.583
55	;59	;13	;12	;12	;997.583
56	;59	;13	;12	;12	;997.583
57	;60	;13	;12	;12	;964.458
58	;60	;13	;12	;12	;964.458
59	;60	;13	;12	;12	;964.458
60	;60	;13	;12	;12	;964.458
61	;60	;13	;12	;12	;964.458
62	;60	;13	;12	;12	;964.458
63	;60	;13	;12	;12	;964.458
64	;60	;13	;12	;12	;964.458
65	;60	;13	;12	;12	;964.458
66	;60	;13	;12	;12	;964.458
67	;60	;13	;12	;12	;964.458
68	;60	;13	;12	;12	;964.458
69	;60	;13	;12	;12	;964.458
70	;60	;13	;12	;12	;964.458
71	;60	;13	;12	;12	;964.458
72	;60	;13	;12	;12	;964.458
73	;60	;13	;12	;12	;964.458
74	;60	;13	;12	;12	;964.458
75	;60	;13	;12	;12	;964.458
76	;60	;13	;12	;12	;964.458
77	;60	;13	;12	;12	;964.458
78	;60	;13	;12	;12	;964.458
79	;60	;13	;12	;12	;964.458
80	;60	;13	;12	;12	;964.458
81	;60	;13	;12	;12	;964.458
82	;60	;13	;12	;12	;964.458
83	;60	;13	;12	;12	;964.458
84	;60	;13	;12	;12	;964.458
85	;60	;13	;12	;12	;964.458
86	;60	;13	;12	;12	;964.458
87	;60	;13	;12	;12	;964.458
88	;60	;13	;12	;12	;964.458
89	;60	;13	;12	;12	;964.458
90	;60	;13	;12	;12	;964.458
91	;60	;13	;12	;12	;964.458
92	;60	;13	;12	;12	;964.458
93	;60	;13	;12	;12	;964.458
94	;60	;13	;12	;12	;964.458
95	;60	;13	;12	;12	;964.458
96	;60	;13	;12	;12	;964.458
97	;60	;13	;12	;12	;964.458
98	;60	;13	;12	;12	;964.458
99	;60	;13	;12	;12	;964.458
100	;60	;13	;12	;12	;964.458
101	;60	;13	;12	;12	;964.458
102	;60	;13	;12	;12	;964.458
103	;60	;13	;12	;12	;964.458
104	;60	;13	;12	;12	;964.458
105	;60	;13	;12	;12	;964.458
106	;60	;13	;12	;12	;964.458
107	;60	;13	;12	;12	;964.458
108	;60	;13	;12	;12	;964.458
109	;60	;13	;12	;12	;964.458
110	;60	;13	;12	;12	;964.458
111	;60	;13	;12	;12	;964.458
112	;60	;13	;12	;12	;964.458
113	;60	;13	;12	;12	;964.458
114	;60	;13	;12	;12	;964.458
115	;60	;13	;12	;12	;964.458
116	;60	;13	;12	;12	;964.458
117	;60	;13	;12	;12	;964.458
118	;60	;13	;12	;12	;964.458
119	;60	;13	;12	;12	;964.458
120	;60	;13	;12	;12	;964.458
121	;60	;13	;12	;12	;964.458
122	;60	;13	;12	;12	;964.458
123	;60	;13	;12	;12	;964.458
124	;60	;13	;12	;12	;964.458
125	;60	;13	;12	;12	;964.458
126	;60	;13	;12	;12	;964.458
127	;60	;13	;12	;12	;964.458
128	;60	;13	;12	;12	;964.458
129	;60	;13	;12	;12	;964.458
130	;60	;13	;12	;12	;964.458
131	;60	;13	;12	;12	;964.458
132	;60	;13	;12	;12	;964.458
133	;60	;13	;12	;12	;964.458
134	;60	;13	;12	;12	;964.458
135	;60	;13	;12	;12	;964.458
136	;60	;13	;12	;12	;964.458
137	;60	;13	;12	;12	;964.458
138	;60	;13	;12	;12	;964.458
139	;60	;13	;12	;12	;964.458
140	;60	;13	;12	;12	;964.458
141	;60	;13	;12	;12	;964.458
142	;60	;13	;12	;12	;964.458
143	;60	;12	;12	;13	;964.458
144	;60	;12	;12	;13	;964.458
145	;60	;12	;12	;13	;964.458
146	;60	;12	;12	;13	;964.458
147	;60	;12	;12	;13	;964.458
148	;60	;12	;12	;13	;964.458
149	;60	;12	;12	;13	;964.458
150	;60	;12	;12	;13	;964.458

1	;54	;13	;21	;18	;8254.76
2	;53	;12	;30	;12	;6620.29
3	;53	;12	;30	;12	;6620.29
4	;53	;12	;30	;12	;6620.29
5	;53	;12	;30	;12	;6620.29
6	;58	;16	;22	;12	;5282.86
7	;58	;16	;15	;12	;2451.33
8	;58	;16	;15	;12	;2451.33
9	;58	;14	;14	;14	;2224.64
10	;58	;14	;14	;12	;1632.76
11	;58	;14	;14	;12	;1632.76
12	;58	;14	;14	;12	;1632.76
13	;58	;14	;14	;12	;1632.76
14	;58	;14	;14	;12	;1632.76
15	;58	;14	;14	;12	;1632.76
16	;58	;14	;14	;12	;1632.76
17	;55	;12	;13	;12	;1148.67
18	;55	;12	;13	;12	;1148.67
19	;55	;12	;13	;12	;1148.67
20	;55	;12	;13	;12	;1148.67
21	;55	;12	;13	;12	;1148.67
22	;55	;12	;13	;12	;1148.67
23	;55	;12	;13	;12	;1148.67
24	;55	;12	;13	;12	;1148.67
25	;55	;12	;13	;12	;1148.67
26	;55	;12	;13	;12	;1148.67
27	;55	;12	;13	;12	;1148.67
28	;55	;12	;13	;12	;1148.67
29	;56	;12	;13	;12	;1107.84
30	;56	;12	;13	;12	;1107.84
31	;56	;12	;13	;12	;1107.84
32	;57	;12	;13	;12	;1069.15
33	;57	;12	;13	;12	;1069.15
34	;57	;12	;13	;12	;1069.15
35	;57	;12	;13	;12	;1069.15
36	;58	;12	;13	;12	;1032.44
37	;58	;12	;13	;12	;1032.44
38	;58	;12	;13	;12	;1032.44
39	;58	;12	;13	;12	;1032.44
40	;58	;12	;13	;12	;1032.44
41	;58	;12	;13	;12	;1032.44
42	;58	;12	;13	;12	;1032.44
43	;58	;12	;13	;12	;1032.44
44	;58	;12	;13	;12	;1032.44
45	;58	;12	;13	;12	;1032.44
46	;58	;12	;13	;12	;1032.44
47	;58	;12	;13	;12	;1032.44
48	;59	;12	;13	;12	;997.583
49	;59	;12	;13	;12	;997.583
50	;60	;12	;13	;12	;964.458
51	;60	;12	;13	;12	;964.458
52	;60	;12	;13	;12	;964.458
53	;60	;12	;13	;12	;964.458
54	;60	;12	;13	;12	;964.458
55	;60	;12	;13	;12	;964.458
56	;60	;12	;13	;12	;964.458
57	;60	;12	;13	;12	;964.458
58	;60	;12	;13	;12	;964.458
59	;60	;12	;13	;12	;964.458
60	;60	;12	;13	;12	;964.458
61	;60	;12	;13	;12	;964.458
62	;60	;12	;13	;12	;964.458
63	;60	;12	;13	;12	;964.458
64	;60	;12	;13	;12	;964.458
65	;60	;12	;13	;12	;964.458
66	;60	;12	;13	;12	;964.458
67	;60	;12	;13	;12	;964.458
68	;60	;12	;13	;12	;964.458
69	;60	;12	;13	;12	;964.458
70	;60	;12	;13	;12	;964.458
71	;60	;12	;13	;12	;964.458
72	;60	;12	;13	;12	;964.458
73	;60	;12	;13	;12	;964.458
74	;60	;12	;13	;12	;964.458
75	;60	;12	;13	;12	;964.458
76	;60	;12	;13	;12	;964.458
77	;60	;12	;13	;12	;964.458
78	;60	;12	;13	;12	;964.458
79	;60	;12	;13	;12	;964.458
80	;60	;12	;13	;12	;964.458
81	;60	;12	;13	;12	;964.458
82	;60	;12	;13	;12	;964.458
83	;60	;12	;13	;12	;964.458
84	;60	;12	;13	;12	;964.458
85	;60	;12	;13	;12	;964.458
86	;60	;12	;13	;12	;964.458
87	;60	;12	;13	;12	;964.458
88	;60	;12	;13	;12	;964.458
89	;60	;12	;13	;12	;964.458
90	;60	;12	;13	;12	;964.458
91	;60	;12	;13	;12	;964.458
92	;60	;12	;13	;12	;964.458
93	;60	;12	;13	;12	;964.458
94	;60	;12	;13	;12	;964.458
95	;60	;12	;13	;12	;964.458
96	;60	;12	;13	;12	;964.458
97	;60	;12	;13	;12	;964.458
98	;60	;12	;13	;12	;964.458
99	;60	;12	;13	;12	;964.458
100	;60	;12	;13	;12	;964.458
101	;60	;12	;13	;12	;964.458
102	;60	;12	;13	;12	;964.458
103	;60	;12	;13	;12	;964.458
104	;60	;12	;13	;12	;964.458
105	;60	;12	;13	;12	;964.458
106	;60	;12	;13	;12	;964.458
107	;60	;12	;13	;12	;964.458
108	;60	;12	;13	;12	;964.458
109	;60	;12	;13	;12	;964.458
110	;60	;12	;13	;12	;964.458
111	;60	;12	;13	;12	;964.458
112	;60	;12	;13	;12	;964.458
113	;60	;12	;13	;12	;964.458
114	;60	;12	;13	;12	;964.458
115	;60	;12	;13	;12	;964.458
116	;60	;12	;13	;12	;964.458
117	;60	;12	;13	;12	;964.458
118	;60	;12	;13	;12	;964.458
119	;60	;12	;13	;12	;964.458
120	;60	;12	;13	;12	;964.458
121	;60	;12	;13	;12	;964.458
122	;60	;12	;13	;12	;964.458
123	;60	;12	;13	;12	;964.458
124	;60	;12	;13	;12	;964.458
125	;60	;12	;13	;12	;964.458
126	;60	;12	;13	;12	;964.458
127	;60	;12	;13	;12	;964.458
128	;60	;12	;13	;12	;964.458
129	;60	;12	;13	;12	;964.458
130	;60	;12	;13	;12	;964.458
131	;60	;12	;13	;12	;964.458
132	;60	;12	;13	;12	;964.458
133	;60	;12	;13	;12	;964.458
134	;60	;12	;13	;12	;964.458
135	;60	;12	;13	;12	;964.458
136	;60	;12	;13	;12	;964.458
137	;60	;12	;13	;12	;964.458
138	;60	;12	;13	;12	;964.458
139	;60	;12	;13	;12	;964.458
140	;60	;12	;13	;12	;964.458
141	;60	;12	;13	;12	;964.458
142	;60	;12	;13	;12	;964.458
143	;60	;12	;13	;12	;964.458
144	;60	;12	;13	;12	;964.458
145	;60	;12	;13	;12	;964.458
146	;60	;12	;13	;12	;964.458
147	;60	;12	;13	;12	;964.458
148	;60	;12	;13	;12	;964.458
149	;60	;12	;13	;12	;964.458
150	;60	;12	;13	;12	;964.458

1	;58	;20	;19	;14	;8386.87
2	;58	;14	;13	;12	;1407.07
3	;58	;14	;13	;12	;1407.07
4	;58	;14	;13	;12	;1407.07
5	;58	;14	;13	;12	;1407.07
6	;58	;14	;13	;12	;1407.07
7	;58	;14	;13	;12	;1407.07
8	;58	;14	;13	;12	;1407.07
9	;58	;14	;13	;12	;1407.07
10	;58	;14	;13	;12	;1407.07
11	;55	;12	;12	;12	;978.057
12	;55	;12	;12	;12	;978.057
13	;55	;12	;12	;12	;978.057
14	;55	;12	;12	;12	;978.057
15	;55	;12	;12	;12	;978.057
16	;55	;12	;12	;12	;978.057
17	;55	;12	;12	;12	;978.057
18	;55	;12	;12	;12	;978.057
19	;55	;12	;12	;12	;978.057
20	;55	;12	;12	;12	;978.057
21	;55	;12	;12	;12	;978.057
22	;55	;12	;12	;12	;978.057
23	;55	;12	;12	;12	;978.057
24	;55	;12	;12	;12	;978.057
25	;55	;12	;12	;12	;978.057
26	;55	;12	;12	;12	;978.057
27	;55	;12	;12	;12	;978.057
28	;55	;12	;12	;12	;978.057
29	;55	;12	;12	;12	;978.057
30	;55	;12	;12	;12	;978.057
31	;55	;12	;12	;12	;978.057
32	;55	;12	;12	;12	;978.057
33	;55	;12	;12	;12	;978.057
34	;55	;12	;12	;12	;978.057
35	;55	;12	;12	;12	;978.057
36	;55	;12	;12	;12	;978.057
37	;55	;12	;12	;12	;978.057
38	;55	;12	;12	;12	;978.057
39	;55	;12	;12	;12	;978.057
40	;55	;12	;12	;12	;978.057
41	;55	;12	;12	;12	;978.057
42	;55	;12	;12	;12	;978.057
43	;55	;12	;12	;12	;978.057
44	;55	;12	;12	;12	;978.057
45	;55	;12	;12	;12	;978.057
46	;55	;12	;12	;12	;978.057
47	;55	;12	;12	;12	;978.057
48	;55	;12	;12	;12	;978.057
49	;55	;12	;12	;12	;978.057
50	;55	;12	;12	;12	;978.057
51	;55	;12	;12	;12	;978.057
52	;55	;12	;12	;12	;978.057
53	;55	;12	;12	;12	;978.057
54	;55	;12	;12	;12	;978.057
55	;55	;12	;12	;12	;978.057
56	;55	;12	;12	;12	;978.057
57	;55	;12	;12	;12	;978.057
58	;55	;12	;12	;12	;978.057
59	;55	;12	;12	;12	;978.057
60	;55	;12	;12	;12	;978.057
61	;55	;12	;12	;12	;978.057
62	;55	;12	;12	;12	;978.057
63	;55	;12	;12	;12	;978.057
64	;55	;12	;12	;12	;978.057
65	;55	;12	;12	;12	;978.057
66	;55	;12	;12	;12	;978.057
67	;55	;12	;12	;12	;978.057
68	;55	;12	;12	;12	;978.057
69	;55	;12	;12	;12	;978.057
70	;55	;12	;12	;12	;978.057
71	;55	;12	;12	;12	;978.057
72	;55	;12	;12	;12	;978.057
73	;55	;12	;12	;12	;978.057
74	;55	;12	;12	;12	;978.057
75	;55	;12	;12	;12	;978.057
76	;55	;12	;12	;12	;978.057
77	;55	;12	;12	;12	;978.057
78	;55	;12	;12	;12	;978.057
79	;55	;12	;12	;12	;978.057
80	;55	;12	;12	;12	;978.057
81	;55	;12	;12	;12	;978.057
82	;55	;12	;12	;12	;978.057
83	;55	;12	;12	;12	;978.057
84	;55	;12	;12	;12	;978.057
85	;55	;12	;12	;12	;978.057
86	;55	;12	;12	;12	;978.057
87	;55	;12	;12	;12	;978.057
88	;55	;12	;12	;12	;978.057
89	;55	;12	;12	;12	;978.057
90	;55	;12	;12	;12	;978.057
91	;55	;12	;12	;12	;978.057
92	;55	;12	;12	;12	;978.057
93	;55	;12	;12	;12	;978.057
94	;55	;12	;12	;12	;978.057
95	;55	;12	;12	;12	;978.057
96	;55	;12	;12	;12	;978.057
97	;55	;12	;12	;12	;978.057
98	;55	;12	;12	;12	;978.057
99	;55	;12	;12	;12	;978.057
100	;55	;12	;12	;12	;978.057
101	;55	;12	;12	;12	;978.057
102	;55	;12	;12	;12	;978.057
103	;55	;12	;12	;12	;978.057
104	;55	;12	;12	;12	;978.057
105	;55	;12	;12	;12	;978.057
106	;55	;12	;12	;12	;978.057
107	;55	;12	;12	;12	;978.057
108	;55	;12	;12	;12	;978.057
109	;55	;12	;12	;12	;978.057
110	;55	;12	;12	;12	;978.057
111	;55	;12	;12	;12	;978.057
112	;55	;12	;12	;12	;978.057
113	;55	;12	;12	;12	;978.057
114	;55	;12	;12	;12	;978.057
115	;55	;12	;12	;12	;978.057
116	;55	;12	;12	;12	;978.057
117	;55	;12	;12	;12	;978.057
118	;55	;12	;12	;12	;978.057
119	;55	;12	;12	;12	;978.057
120	;55	;12	;12	;12	;978.057
121	;55	;12	;12	;12	;978.057
122	;55	;12	;12	;12	;978.057
123	;55	;12	;12	;12	;978.057
124	;55	;12	;12	;12	;978.057
125	;55	;12	;12	;12	;978.057
126	;55	;12	;12	;12	;978.057
127	;55	;12	;12	;12	;978.057
128	;55	;12	;12	;12	;978.057
129	;55	;12	;12	;12	;978.057
130	;55	;12	;12	;12	;978.057
131	;55	;12	;12	;12	;978.057
132	;55	;12	;12	;12	;978.057
133	;55	;12	;12	;12	;978.057
134	;55	;12	;12	;12	;978.057
135	;55	;12	;12	;12	;978.057
136	;55	;12	;12	;12	;978.057
137	;55	;12	;12	;12	;978.057
138	;55	;12	;12	;12	;978.057
139	;55	;12	;12	;12	;978.057
140	;55	;12	;12	;12	;978.057
141	;55	;12	;12	;12	;978.057
142	;55	;12	;12	;12	;978.057
143	;55	;12	;12	;12	;978.057
144	;55	;12	;12	;12	;978.057
145	;55	;12	;12	;12	;978.057
146	;55	;12	;12	;12	;978.057
147	;55	;12	;12	;12	;978.057
148	;55	;12	;12	;12	;978.057
149	;55	;12	;12	;12	;978.057
150	;55	;12	;12	;12	;978.057

