1	;0.767319	;0.512111	;268.242
2	;0.767319	;0.512111	;268.242
3	;0.767319	;0.512111	;268.242
4	;0.767319	;0.512111	;268.242
5	;0.74311	;0.575528	;267.736
6	;0.74311	;0.575528	;267.736
7	;0.74311	;0.575528	;267.736
8	;0.74311	;0.575528	;267.736
9	;0.74311	;0.575528	;267.736
10	;0.762658	;0.505612	;266.273
11	;0.762658	;0.505612	;266.273
12	;0.762658	;0.505612	;266.273
13	;0.762658	;0.505612	;266.273
14	;0.762658	;0.505612	;266.273
15	;0.762658	;0.505612	;266.273
16	;0.762658	;0.505612	;266.273
17	;0.762658	;0.505612	;266.273
18	;0.762658	;0.505612	;266.273
19	;0.762658	;0.505612	;266.273
20	;0.762658	;0.505612	;266.273
21	;0.762658	;0.505612	;266.273
22	;0.759641	;0.504514	;265.31
23	;0.759641	;0.504514	;265.31
24	;0.759641	;0.504514	;265.31
25	;0.759641	;0.504514	;265.31
26	;0.759641	;0.504514	;265.31
27	;0.759641	;0.504514	;265.31
28	;0.759641	;0.504514	;265.31
29	;0.759641	;0.504514	;265.31
30	;0.759641	;0.504514	;265.31
31	;0.77231	;0.467417	;265.184
32	;0.77231	;0.467417	;265.184
33	;0.771679	;0.468311	;265.095
34	;0.771679	;0.468311	;265.095
35	;0.771679	;0.468311	;265.095
36	;0.771679	;0.468311	;265.095
37	;0.771679	;0.468311	;265.095
38	;0.773995	;0.456261	;264.545
39	;0.773995	;0.456261	;264.545
40	;0.773995	;0.456261	;264.545
41	;0.773995	;0.456261	;264.545
42	;0.773995	;0.456261	;264.545
43	;0.799785	;0.379932	;264.207
44	;0.799785	;0.379932	;264.207
45	;0.799785	;0.379932	;264.207
46	;0.799785	;0.379932	;264.207
47	;0.799485	;0.379929	;264.121
48	;0.799485	;0.379929	;264.121
49	;0.799485	;0.379929	;264.121
50	;0.799485	;0.379929	;264.121
51	;0.799485	;0.379929	;264.121
52	;0.799485	;0.379929	;264.121
53	;0.799485	;0.379929	;264.121
54	;0.799485	;0.379929	;264.121
55	;0.799485	;0.379929	;264.121
56	;0.799485	;0.379929	;264.121
57	;0.799485	;0.379929	;264.121
58	;0.799485	;0.379929	;264.121
59	;0.799485	;0.379929	;264.121
60	;0.799485	;0.379929	;264.121
61	;0.798915	;0.38152	;264.119
62	;0.798571	;0.381349	;264.005
63	;0.798571	;0.381349	;264.005
64	;0.798571	;0.381349	;264.005
65	;0.798571	;0.381349	;264.005
66	;0.798571	;0.381349	;264.005
67	;0.798571	;0.381349	;264.005
68	;0.798571	;0.381349	;264.005
69	;0.798571	;0.381349	;264.005
70	;0.798627	;0.380925	;263.978
71	;0.798627	;0.380925	;263.978
72	;0.798627	;0.380925	;263.978
73	;0.798626	;0.380859	;263.971
74	;0.798626	;0.380859	;263.971
75	;0.798626	;0.380859	;263.971
76	;0.798626	;0.380859	;263.971
77	;0.798626	;0.380859	;263.971
78	;0.798626	;0.380859	;263.971
79	;0.798626	;0.380859	;263.971
80	;0.798626	;0.380859	;263.971
81	;0.798626	;0.380859	;263.971
82	;0.798626	;0.380859	;263.971
83	;0.798626	;0.380859	;263.971
84	;0.798626	;0.380859	;263.971
85	;0.798626	;0.380859	;263.971
86	;0.798626	;0.380859	;263.971
87	;0.798626	;0.380859	;263.971
88	;0.798626	;0.380859	;263.971
89	;0.796661	;0.386405	;263.97
90	;0.796622	;0.386401	;263.959
91	;0.796658	;0.386181	;263.947
92	;0.796642	;0.386214	;263.946
93	;0.796642	;0.386214	;263.946
94	;0.796642	;0.386214	;263.946
95	;0.796642	;0.386214	;263.946
96	;0.796648	;0.386172	;263.943
97	;0.796648	;0.386172	;263.943
98	;0.796647	;0.386175	;263.943
99	;0.796646	;0.386173	;263.943
100	;0.796646	;0.386173	;263.943
101	;0.796646	;0.386173	;263.943
102	;0.796646	;0.386173	;263.943
103	;0.796646	;0.386173	;263.943
104	;0.796646	;0.386173	;263.943
105	;0.796646	;0.386173	;263.943
106	;0.796646	;0.386173	;263.943
107	;0.796646	;0.386173	;263.943
108	;0.796646	;0.386173	;263.943
109	;0.796646	;0.386173	;263.943
110	;0.796641	;0.386173	;263.941
111	;0.796641	;0.386173	;263.941
112	;0.796641	;0.386173	;263.941
113	;0.796641	;0.386173	;263.941
114	;0.796641	;0.386173	;263.941
115	;0.796641	;0.386173	;263.941
116	;0.796641	;0.386172	;263.941
117	;0.796641	;0.386172	;263.941
118	;0.796641	;0.386172	;263.941
119	;0.796641	;0.386172	;263.941
120	;0.796641	;0.386172	;263.941
121	;0.796641	;0.386172	;263.941
122	;0.796641	;0.386172	;263.941
123	;0.796641	;0.386172	;263.941
124	;0.796641	;0.386172	;263.941
125	;0.796641	;0.386172	;263.941
126	;0.796641	;0.386172	;263.941
127	;0.796641	;0.386172	;263.941
128	;0.796641	;0.386172	;263.941
129	;0.796641	;0.386172	;263.941
130	;0.796641	;0.386172	;263.941
131	;0.796641	;0.386172	;263.941
132	;0.796641	;0.386172	;263.941
133	;0.796641	;0.386172	;263.941
134	;0.796641	;0.386172	;263.941
135	;0.796641	;0.386172	;263.941
136	;0.796641	;0.386172	;263.941
137	;0.796641	;0.386172	;263.941
138	;0.796641	;0.386172	;263.941
139	;0.796641	;0.386172	;263.941
140	;0.796641	;0.386172	;263.941
141	;0.796641	;0.386172	;263.941
142	;0.796641	;0.386172	;263.941
143	;0.796641	;0.386172	;263.941
144	;0.796641	;0.386172	;263.941
145	;0.796641	;0.386172	;263.941
146	;0.796641	;0.386172	;263.941
147	;0.796641	;0.386172	;263.941
148	;0.796641	;0.386172	;263.941
149	;0.796641	;0.386172	;263.941
150	;0.796641	;0.386172	;263.941

1	;0.777803	;0.445656	;264.561
2	;0.777803	;0.445656	;264.561
3	;0.777803	;0.445656	;264.561
4	;0.777361	;0.441379	;264.009
5	;0.777361	;0.441379	;264.009
6	;0.777361	;0.441379	;264.009
7	;0.777361	;0.441379	;264.009
8	;0.777361	;0.441379	;264.009
9	;0.777361	;0.441379	;264.009
10	;0.777361	;0.441379	;264.009
11	;0.777361	;0.441379	;264.009
12	;0.777361	;0.441379	;264.009
13	;0.777361	;0.441379	;264.009
14	;0.776959	;0.442478	;264.005
15	;0.776959	;0.442478	;264.005
16	;0.778906	;0.436945	;264.003
17	;0.778906	;0.436945	;264.003
18	;0.779156	;0.436004	;263.979
19	;0.779216	;0.435774	;263.973
20	;0.779152	;0.435913	;263.969
21	;0.779152	;0.435913	;263.969
22	;0.779178	;0.43583	;263.968
23	;0.779178	;0.43583	;263.968
24	;0.779178	;0.43583	;263.968
25	;0.779171	;0.435829	;263.966
26	;0.779171	;0.435829	;263.966
27	;0.779168	;0.435829	;263.965
28	;0.779168	;0.435829	;263.965
29	;0.779168	;0.435829	;263.965
30	;0.784669	;0.42	;263.938
31	;0.784669	;0.42	;263.938
32	;0.785661	;0.417072	;263.926
33	;0.785661	;0.417072	;263.926
34	;0.785661	;0.417072	;263.926
35	;0.785691	;0.416837	;263.911
36	;0.785704	;0.416729	;263.904
37	;0.785713	;0.416692	;263.902
38	;0.785713	;0.416692	;263.902
39	;0.785713	;0.416692	;263.902
40	;0.785713	;0.416692	;263.902
41	;0.785713	;0.416692	;263.902
42	;0.785713	;0.416693	;263.902
43	;0.785713	;0.416693	;263.902
44	;0.785713	;0.416693	;263.902
45	;0.785713	;0.416693	;263.902
46	;0.785713	;0.416693	;263.902
47	;0.785713	;0.416693	;263.902
48	;0.785713	;0.416692	;263.902
49	;0.785713	;0.416692	;263.902
50	;0.785713	;0.416692	;263.902
51	;0.785713	;0.416692	;263.902
52	;0.785713	;0.416693	;263.902
53	;0.785713	;0.416693	;263.902
54	;0.785713	;0.416693	;263.902
55	;0.785713	;0.416693	;263.902
56	;0.785713	;0.416693	;263.902
57	;0.785713	;0.416693	;263.902
58	;0.785713	;0.416693	;263.902
59	;0.785713	;0.416693	;263.902
60	;0.785713	;0.416693	;263.902
61	;0.785713	;0.416693	;263.902
62	;0.785713	;0.416692	;263.902
63	;0.785713	;0.416692	;263.902
64	;0.785713	;0.416692	;263.902
65	;0.785713	;0.416692	;263.902
66	;0.785713	;0.416692	;263.902
67	;0.785713	;0.416692	;263.902
68	;0.785713	;0.416692	;263.902
69	;0.785713	;0.416692	;263.902
70	;0.785713	;0.416692	;263.902
71	;0.785713	;0.416692	;263.902
72	;0.785713	;0.416692	;263.902
73	;0.785713	;0.416692	;263.902
74	;0.785713	;0.416692	;263.902
75	;0.785713	;0.416692	;263.902
76	;0.785713	;0.416692	;263.902
77	;0.785713	;0.416692	;263.902
78	;0.785713	;0.416692	;263.902
79	;0.785713	;0.416692	;263.902
80	;0.785713	;0.416692	;263.902
81	;0.785713	;0.416692	;263.902
82	;0.785713	;0.416692	;263.902
83	;0.785713	;0.416692	;263.902
84	;0.785713	;0.416692	;263.902
85	;0.785713	;0.416692	;263.902
86	;0.785713	;0.416692	;263.902
87	;0.785713	;0.416692	;263.902
88	;0.785713	;0.416692	;263.902
89	;0.785713	;0.416692	;263.902
90	;0.785713	;0.416692	;263.902
91	;0.785713	;0.416692	;263.902
92	;0.785713	;0.416692	;263.902
93	;0.785713	;0.416692	;263.902
94	;0.785713	;0.416692	;263.902
95	;0.785713	;0.416692	;263.902
96	;0.785713	;0.416692	;263.902
97	;0.785713	;0.416692	;263.902
98	;0.785713	;0.416692	;263.902
99	;0.785713	;0.416692	;263.902
100	;0.785713	;0.416692	;263.902
101	;0.785713	;0.416692	;263.902
102	;0.785713	;0.416692	;263.902
103	;0.785713	;0.416692	;263.902
104	;0.785713	;0.416692	;263.902
105	;0.785713	;0.416692	;263.902
106	;0.785713	;0.416692	;263.902
107	;0.785713	;0.416692	;263.902
108	;0.785713	;0.416692	;263.902
109	;0.785713	;0.416692	;263.902
110	;0.785713	;0.416692	;263.902
111	;0.785713	;0.416692	;263.902
112	;0.785713	;0.416692	;263.902
113	;0.785713	;0.416692	;263.902
114	;0.785713	;0.416692	;263.902
115	;0.785713	;0.416692	;263.902
116	;0.785713	;0.416692	;263.902
117	;0.785713	;0.416692	;263.902
118	;0.785713	;0.416692	;263.902
119	;0.785713	;0.416692	;263.902
120	;0.785713	;0.416692	;263.902
121	;0.785713	;0.416692	;263.902
122	;0.785713	;0.416692	;263.902
123	;0.785713	;0.416692	;263.902
124	;0.785713	;0.416692	;263.902
125	;0.785713	;0.416692	;263.902
126	;0.785713	;0.416692	;263.902
127	;0.785713	;0.416692	;263.902
128	;0.785713	;0.416692	;263.902
129	;0.785713	;0.416692	;263.902
130	;0.785713	;0.416692	;263.902
131	;0.785713	;0.416692	;263.902
132	;0.785713	;0.416692	;263.902
133	;0.785713	;0.416692	;263.902
134	;0.785713	;0.416692	;263.902
135	;0.785713	;0.416692	;263.902
136	;0.785713	;0.416692	;263.902
137	;0.785713	;0.416692	;263.902
138	;0.785713	;0.416692	;263.902
139	;0.785713	;0.416692	;263.902
140	;0.785713	;0.416692	;263.902
141	;0.785713	;0.416692	;263.902
142	;0.785713	;0.416692	;263.902
143	;0.785713	;0.416692	;263.902
144	;0.785713	;0.416692	;263.902
145	;0.785713	;0.416692	;263.902
146	;0.785713	;0.416692	;263.902
147	;0.785713	;0.416692	;263.902
148	;0.785713	;0.416692	;263.902
149	;0.785713	;0.416692	;263.902
150	;0.785713	;0.416692	;263.902

1	;0.792562	;0.405053	;264.676
2	;0.804921	;0.36976	;264.642
3	;0.804921	;0.36976	;264.642
4	;0.804921	;0.36976	;264.642
5	;0.800034	;0.377393	;264.023
6	;0.800034	;0.377393	;264.023
7	;0.800034	;0.377393	;264.023
8	;0.799464	;0.378622	;263.985
9	;0.799464	;0.378622	;263.985
10	;0.799464	;0.378622	;263.985
11	;0.799464	;0.378622	;263.985
12	;0.799464	;0.378622	;263.985
13	;0.799464	;0.378622	;263.985
14	;0.799464	;0.378622	;263.985
15	;0.799464	;0.378622	;263.985
16	;0.799464	;0.378622	;263.985
17	;0.799464	;0.378622	;263.985
18	;0.799464	;0.378622	;263.985
19	;0.799464	;0.378622	;263.985
20	;0.799464	;0.378622	;263.985
21	;0.799464	;0.378622	;263.985
22	;0.799464	;0.378622	;263.985
23	;0.799464	;0.378622	;263.985
24	;0.799464	;0.378622	;263.985
25	;0.799464	;0.378622	;263.985
26	;0.799464	;0.378622	;263.985
27	;0.799464	;0.378622	;263.985
28	;0.799464	;0.378622	;263.985
29	;0.799464	;0.378622	;263.985
30	;0.799464	;0.378622	;263.985
31	;0.799464	;0.378622	;263.985
32	;0.799464	;0.378622	;263.985
33	;0.799464	;0.378622	;263.985
34	;0.799464	;0.378622	;263.985
35	;0.799464	;0.378622	;263.985
36	;0.799464	;0.378622	;263.985
37	;0.799464	;0.378622	;263.985
38	;0.799464	;0.378622	;263.985
39	;0.799464	;0.378622	;263.985
40	;0.799464	;0.378622	;263.985
41	;0.799464	;0.378622	;263.985
42	;0.796244	;0.387471	;263.959
43	;0.796244	;0.387471	;263.959
44	;0.796244	;0.387471	;263.959
45	;0.796244	;0.387471	;263.959
46	;0.79459	;0.392119	;263.956
47	;0.79459	;0.392119	;263.956
48	;0.79459	;0.392119	;263.956
49	;0.79459	;0.392119	;263.956
50	;0.79459	;0.392119	;263.956
51	;0.795176	;0.390406	;263.95
52	;0.795176	;0.390406	;263.95
53	;0.795176	;0.390406	;263.95
54	;0.795176	;0.390406	;263.95
55	;0.795176	;0.390406	;263.95
56	;0.795176	;0.390406	;263.95
57	;0.795176	;0.390406	;263.95
58	;0.795176	;0.390406	;263.95
59	;0.790009	;0.404509	;263.899
60	;0.790009	;0.404509	;263.899
61	;0.790009	;0.404509	;263.899
62	;0.790009	;0.404509	;263.899
63	;0.790009	;0.404509	;263.899
64	;0.790009	;0.404509	;263.899
65	;0.790009	;0.404509	;263.899
66	;0.790009	;0.404509	;263.899
67	;0.790009	;0.404509	;263.899
68	;0.790009	;0.404509	;263.899
69	;0.790009	;0.404509	;263.899
70	;0.790009	;0.404509	;263.899
71	;0.790009	;0.404509	;263.899
72	;0.790009	;0.404509	;263.899
73	;0.790009	;0.404509	;263.899
74	;0.790009	;0.404509	;263.899
75	;0.790009	;0.404509	;263.899
76	;0.790009	;0.404509	;263.899
77	;0.790009	;0.404509	;263.899
78	;0.790009	;0.404509	;263.899
79	;0.790009	;0.404509	;263.899
80	;0.790009	;0.404509	;263.899
81	;0.790009	;0.404509	;263.899
82	;0.790009	;0.404509	;263.899
83	;0.790009	;0.404509	;263.899
84	;0.790009	;0.404509	;263.899
85	;0.790009	;0.404509	;263.899
86	;0.790009	;0.404509	;263.899
87	;0.790009	;0.404509	;263.899
88	;0.790009	;0.404509	;263.899
89	;0.790009	;0.404509	;263.899
90	;0.790009	;0.404509	;263.899
91	;0.790009	;0.404509	;263.899
92	;0.790009	;0.404509	;263.899
93	;0.790009	;0.404509	;263.899
94	;0.790009	;0.404509	;263.899
95	;0.790009	;0.404509	;263.899
96	;0.790009	;0.404509	;263.899
97	;0.790009	;0.404509	;263.899
98	;0.790009	;0.404509	;263.899
99	;0.790009	;0.404509	;263.899
100	;0.790009	;0.404509	;263.899
101	;0.790009	;0.404509	;263.899
102	;0.790009	;0.404509	;263.899
103	;0.790009	;0.404509	;263.899
104	;0.790009	;0.404509	;263.899
105	;0.790009	;0.404509	;263.899
106	;0.790009	;0.404509	;263.899
107	;0.790009	;0.404509	;263.899
108	;0.790009	;0.404509	;263.899
109	;0.790009	;0.404509	;263.899
110	;0.790009	;0.404509	;263.899
111	;0.790009	;0.404509	;263.899
112	;0.790009	;0.404509	;263.899
113	;0.790009	;0.404509	;263.899
114	;0.790009	;0.404509	;263.899
115	;0.790009	;0.404509	;263.899
116	;0.790009	;0.404509	;263.899
117	;0.790009	;0.404509	;263.899
118	;0.790009	;0.404509	;263.899
119	;0.790009	;0.404509	;263.899
120	;0.790009	;0.404509	;263.899
121	;0.790009	;0.404509	;263.899
122	;0.790009	;0.404509	;263.899
123	;0.790009	;0.404509	;263.899
124	;0.790009	;0.404509	;263.899
125	;0.790009	;0.404509	;263.899
126	;0.790009	;0.404509	;263.899
127	;0.790009	;0.404509	;263.899
128	;0.790009	;0.404509	;263.899
129	;0.790009	;0.404509	;263.899
130	;0.790009	;0.404509	;263.899
131	;0.790009	;0.404509	;263.899
132	;0.790009	;0.404509	;263.899
133	;0.790009	;0.404509	;263.899
134	;0.790009	;0.404509	;263.899
135	;0.790009	;0.404509	;263.899
136	;0.790009	;0.404509	;263.899
137	;0.790009	;0.404509	;263.899
138	;0.790009	;0.404509	;263.899
139	;0.790009	;0.404509	;263.899
140	;0.790009	;0.404509	;263.899
141	;0.790009	;0.404509	;263.899
142	;0.790009	;0.404509	;263.899
143	;0.790009	;0.404509	;263.899
144	;0.790009	;0.404509	;263.899
145	;0.790009	;0.404509	;263.899
146	;0.790009	;0.404509	;263.899
147	;0.790009	;0.404509	;263.899
148	;0.790009	;0.404509	;263.899
149	;0.790009	;0.404509	;263.899
150	;0.790009	;0.404509	;263.899

1	;0.853888	;0.266155	;268.131
2	;0.853888	;0.266155	;268.131
3	;0.853888	;0.266155	;268.131
4	;0.785365	;0.426177	;264.752
5	;0.785365	;0.426177	;264.752
6	;0.7951	;0.395738	;264.462
7	;0.7951	;0.395738	;264.462
8	;0.7951	;0.395738	;264.462
9	;0.7951	;0.395738	;264.462
10	;0.7951	;0.395738	;264.462
11	;0.794411	;0.393432	;264.036
12	;0.794411	;0.393432	;264.036
13	;0.794411	;0.393432	;264.036
14	;0.794411	;0.393432	;264.036
15	;0.794411	;0.393432	;264.036
16	;0.794411	;0.393432	;264.036
17	;0.794411	;0.393432	;264.036
18	;0.794411	;0.393432	;264.036
19	;0.794411	;0.393432	;264.036
20	;0.794411	;0.393432	;264.036
21	;0.794411	;0.393432	;264.036
22	;0.794411	;0.393432	;264.036
23	;0.794411	;0.393432	;264.036
24	;0.794411	;0.393432	;264.036
25	;0.794411	;0.393432	;264.036
26	;0.787923	;0.410666	;263.925
27	;0.787923	;0.410666	;263.925
28	;0.787923	;0.410666	;263.925
29	;0.787923	;0.410666	;263.925
30	;0.787923	;0.410666	;263.925
31	;0.787923	;0.410666	;263.925
32	;0.787923	;0.410666	;263.925
33	;0.787923	;0.410666	;263.925
34	;0.787923	;0.410666	;263.925
35	;0.787923	;0.410666	;263.925
36	;0.787923	;0.410666	;263.925
37	;0.787923	;0.410666	;263.925
38	;0.787923	;0.410666	;263.925
39	;0.787923	;0.410666	;263.925
40	;0.787923	;0.410666	;263.925
41	;0.787923	;0.410666	;263.925
42	;0.787923	;0.410666	;263.925
43	;0.787923	;0.410666	;263.925
44	;0.787923	;0.410666	;263.925
45	;0.787923	;0.410666	;263.925
46	;0.787923	;0.410666	;263.925
47	;0.787923	;0.410666	;263.925
48	;0.787923	;0.410666	;263.925
49	;0.787923	;0.410666	;263.925
50	;0.787923	;0.410666	;263.925
51	;0.787923	;0.410666	;263.925
52	;0.787923	;0.410666	;263.925
53	;0.787923	;0.410666	;263.925
54	;0.787923	;0.410666	;263.925
55	;0.787571	;0.411534	;263.912
56	;0.787571	;0.411534	;263.912
57	;0.787571	;0.411534	;263.912
58	;0.787571	;0.411534	;263.912
59	;0.787571	;0.411534	;263.912
60	;0.787571	;0.411534	;263.912
61	;0.787571	;0.411534	;263.912
62	;0.787571	;0.411534	;263.912
63	;0.787571	;0.411534	;263.912
64	;0.787571	;0.411534	;263.912
65	;0.787571	;0.411534	;263.912
66	;0.787571	;0.411534	;263.912
67	;0.787571	;0.411534	;263.912
68	;0.787571	;0.411534	;263.912
69	;0.787571	;0.411534	;263.912
70	;0.787571	;0.411534	;263.912
71	;0.787571	;0.411534	;263.912
72	;0.787571	;0.411534	;263.912
73	;0.787571	;0.411534	;263.912
74	;0.787571	;0.411534	;263.912
75	;0.787571	;0.411534	;263.912
76	;0.787571	;0.411534	;263.912
77	;0.787571	;0.411534	;263.912
78	;0.787571	;0.411534	;263.912
79	;0.787571	;0.411534	;263.912
80	;0.787571	;0.411534	;263.912
81	;0.787571	;0.411534	;263.912
82	;0.787571	;0.411534	;263.912
83	;0.787571	;0.411534	;263.912
84	;0.787571	;0.411534	;263.912
85	;0.787571	;0.411534	;263.912
86	;0.787571	;0.411534	;263.912
87	;0.787571	;0.411534	;263.912
88	;0.787571	;0.411534	;263.912
89	;0.787571	;0.411534	;263.912
90	;0.787571	;0.411534	;263.912
91	;0.787571	;0.411534	;263.912
92	;0.787571	;0.411534	;263.912
93	;0.787571	;0.411534	;263.912
94	;0.787571	;0.411534	;263.912
95	;0.787571	;0.411534	;263.912
96	;0.787571	;0.411534	;263.912
97	;0.787588	;0.411357	;263.899
98	;0.787588	;0.411357	;263.899
99	;0.787588	;0.411357	;263.899
100	;0.787588	;0.411357	;263.899
101	;0.787588	;0.411357	;263.899
102	;0.787588	;0.411357	;263.899
103	;0.787588	;0.411357	;263.899
104	;0.787588	;0.411357	;263.899
105	;0.787588	;0.411357	;263.899
106	;0.787588	;0.411357	;263.899
107	;0.787588	;0.411357	;263.899
108	;0.787588	;0.411357	;263.899
109	;0.787588	;0.411357	;263.899
110	;0.787588	;0.411357	;263.899
111	;0.787588	;0.411357	;263.899
112	;0.787588	;0.411357	;263.899
113	;0.787588	;0.411357	;263.899
114	;0.787588	;0.411357	;263.899
115	;0.787588	;0.411357	;263.899
116	;0.787588	;0.411357	;263.899
117	;0.787588	;0.411357	;263.899
118	;0.787588	;0.411357	;263.899
119	;0.787588	;0.411357	;263.899
120	;0.787588	;0.411357	;263.899
121	;0.787588	;0.411357	;263.899
122	;0.787588	;0.411357	;263.899
123	;0.787588	;0.411357	;263.899
124	;0.787588	;0.411357	;263.899
125	;0.787588	;0.411357	;263.899
126	;0.787588	;0.411357	;263.899
127	;0.787588	;0.411357	;263.899
128	;0.787588	;0.411357	;263.899
129	;0.787588	;0.411357	;263.899
130	;0.787588	;0.411357	;263.899
131	;0.787588	;0.411357	;263.899
132	;0.787588	;0.411357	;263.899
133	;0.787588	;0.411357	;263.899
134	;0.787588	;0.411357	;263.899
135	;0.787588	;0.411357	;263.899
136	;0.787588	;0.411357	;263.899
137	;0.787588	;0.411357	;263.899
138	;0.787588	;0.411357	;263.899
139	;0.787588	;0.411357	;263.899
140	;0.787588	;0.411357	;263.899
141	;0.787588	;0.411357	;263.899
142	;0.787588	;0.411357	;263.899
143	;0.787588	;0.411357	;263.899
144	;0.787588	;0.411357	;263.899
145	;0.787588	;0.411357	;263.899
146	;0.787588	;0.411357	;263.899
147	;0.787588	;0.411357	;263.899
148	;0.787588	;0.411357	;263.899
149	;0.787588	;0.411357	;263.899
150	;0.787588	;0.411357	;263.899

1	;0.907991	;0.161966	;273.015
2	;0.907991	;0.161966	;273.015
3	;0.849666	;0.289554	;269.277
4	;0.838928	;0.300972	;267.382
5	;0.828747	;0.316074	;266.012
6	;0.826777	;0.321283	;265.976
7	;0.82237	;0.320941	;264.696
8	;0.82237	;0.320941	;264.696
9	;0.813745	;0.342648	;264.427
10	;0.813745	;0.342648	;264.427
11	;0.813745	;0.342648	;264.427
12	;0.813745	;0.342648	;264.427
13	;0.812999	;0.343916	;264.342
14	;0.812999	;0.343916	;264.342
15	;0.812999	;0.343916	;264.342
16	;0.812999	;0.343916	;264.342
17	;0.812999	;0.343916	;264.342
18	;0.812999	;0.343916	;264.342
19	;0.812999	;0.343916	;264.342
20	;0.79888	;0.38328	;264.286
21	;0.79888	;0.38328	;264.286
22	;0.792786	;0.397939	;264.028
23	;0.792786	;0.397939	;264.028
24	;0.792786	;0.397939	;264.028
25	;0.792786	;0.397939	;264.028
26	;0.792786	;0.397939	;264.028
27	;0.792786	;0.397939	;264.028
28	;0.792786	;0.397939	;264.028
29	;0.792786	;0.397939	;264.028
30	;0.792786	;0.397939	;264.028
31	;0.792786	;0.397939	;264.028
32	;0.792786	;0.397939	;264.028
33	;0.792786	;0.397939	;264.028
34	;0.792786	;0.397939	;264.028
35	;0.792786	;0.397939	;264.028
36	;0.792786	;0.397939	;264.028
37	;0.792786	;0.397939	;264.028
38	;0.792786	;0.397939	;264.028
39	;0.792786	;0.397939	;264.028
40	;0.792786	;0.397939	;264.028
41	;0.792786	;0.397939	;264.028
42	;0.790197	;0.403976	;263.899
43	;0.790197	;0.403976	;263.899
44	;0.790197	;0.403976	;263.899
45	;0.790197	;0.403976	;263.899
46	;0.790197	;0.403976	;263.899
47	;0.790197	;0.403976	;263.899
48	;0.790197	;0.403976	;263.899
49	;0.790197	;0.403976	;263.899
50	;0.790197	;0.403976	;263.899
51	;0.790197	;0.403976	;263.899
52	;0.790197	;0.403976	;263.899
53	;0.790197	;0.403976	;263.899
54	;0.790197	;0.403976	;263.899
55	;0.790197	;0.403976	;263.899
56	;0.790197	;0.403976	;263.899
57	;0.790197	;0.403976	;263.899
58	;0.790197	;0.403976	;263.899
59	;0.790197	;0.403976	;263.899
60	;0.790197	;0.403976	;263.899
61	;0.790197	;0.403976	;263.899
62	;0.790197	;0.403976	;263.899
63	;0.790197	;0.403976	;263.899
64	;0.790197	;0.403976	;263.899
65	;0.790197	;0.403976	;263.899
66	;0.790197	;0.403976	;263.899
67	;0.790197	;0.403976	;263.899
68	;0.790197	;0.403976	;263.899
69	;0.790197	;0.403976	;263.899
70	;0.790197	;0.403976	;263.899
71	;0.790197	;0.403976	;263.899
72	;0.790197	;0.403976	;263.899
73	;0.790197	;0.403976	;263.899
74	;0.790197	;0.403976	;263.899
75	;0.790197	;0.403976	;263.899
76	;0.790197	;0.403976	;263.899
77	;0.790197	;0.403976	;263.899
78	;0.790197	;0.403976	;263.899
79	;0.790197	;0.403976	;263.899
80	;0.790197	;0.403976	;263.899
81	;0.790197	;0.403976	;263.899
82	;0.790197	;0.403976	;263.899
83	;0.790197	;0.403976	;263.899
84	;0.790197	;0.403976	;263.899
85	;0.790197	;0.403976	;263.899
86	;0.790197	;0.403976	;263.899
87	;0.790197	;0.403976	;263.899
88	;0.790197	;0.403976	;263.899
89	;0.790197	;0.403976	;263.899
90	;0.790197	;0.403976	;263.899
91	;0.790197	;0.403976	;263.899
92	;0.790197	;0.403976	;263.899
93	;0.790197	;0.403976	;263.899
94	;0.790197	;0.403976	;263.899
95	;0.790197	;0.403976	;263.899
96	;0.790197	;0.403976	;263.899
97	;0.790197	;0.403976	;263.899
98	;0.790197	;0.403976	;263.899
99	;0.790197	;0.403976	;263.899
100	;0.790197	;0.403976	;263.899
101	;0.790197	;0.403976	;263.899
102	;0.790197	;0.403976	;263.899
103	;0.790197	;0.403976	;263.899
104	;0.790197	;0.403976	;263.899
105	;0.790197	;0.403976	;263.899
106	;0.790197	;0.403976	;263.899
107	;0.790197	;0.403976	;263.899
108	;0.790197	;0.403976	;263.899
109	;0.790197	;0.403976	;263.899
110	;0.790197	;0.403976	;263.899
111	;0.790197	;0.403976	;263.899
112	;0.790197	;0.403976	;263.899
113	;0.790197	;0.403976	;263.899
114	;0.790197	;0.403976	;263.899
115	;0.790197	;0.403976	;263.899
116	;0.790197	;0.403976	;263.899
117	;0.790197	;0.403976	;263.899
118	;0.790197	;0.403976	;263.899
119	;0.790197	;0.403976	;263.899
120	;0.790197	;0.403976	;263.899
121	;0.790197	;0.403976	;263.899
122	;0.790197	;0.403976	;263.899
123	;0.790197	;0.403976	;263.899
124	;0.790197	;0.403976	;263.899
125	;0.790197	;0.403976	;263.899
126	;0.790197	;0.403976	;263.899
127	;0.790197	;0.403976	;263.899
128	;0.790197	;0.403976	;263.899
129	;0.790197	;0.403976	;263.899
130	;0.790197	;0.403976	;263.899
131	;0.790197	;0.403976	;263.899
132	;0.790197	;0.403976	;263.899
133	;0.790197	;0.403976	;263.899
134	;0.790197	;0.403976	;263.899
135	;0.790197	;0.403976	;263.899
136	;0.790197	;0.403976	;263.899
137	;0.790197	;0.403976	;263.899
138	;0.790197	;0.403976	;263.899
139	;0.790197	;0.403976	;263.899
140	;0.790197	;0.403976	;263.899
141	;0.790197	;0.403976	;263.899
142	;0.790197	;0.403976	;263.899
143	;0.790197	;0.403976	;263.899
144	;0.790197	;0.403976	;263.899
145	;0.790197	;0.403976	;263.899
146	;0.790197	;0.403976	;263.899
147	;0.790197	;0.403976	;263.899
148	;0.790197	;0.403976	;263.899
149	;0.790197	;0.403976	;263.899
150	;0.790197	;0.403976	;263.899

1	;0.76572	;0.499764	;266.555
2	;0.76572	;0.499764	;266.555
3	;0.765795	;0.477741	;264.374
4	;0.765795	;0.477741	;264.374
5	;0.765795	;0.477741	;264.374
6	;0.765795	;0.477741	;264.374
7	;0.765795	;0.477741	;264.374
8	;0.765795	;0.477741	;264.374
9	;0.765795	;0.477741	;264.374
10	;0.765795	;0.477741	;264.374
11	;0.765795	;0.477741	;264.374
12	;0.765795	;0.477741	;264.374
13	;0.765869	;0.477027	;264.323
14	;0.765869	;0.477027	;264.323
15	;0.765869	;0.477027	;264.323
16	;0.765869	;0.477027	;264.323
17	;0.765869	;0.477027	;264.323
18	;0.765869	;0.477027	;264.323
19	;0.765869	;0.477027	;264.323
20	;0.765869	;0.477027	;264.323
21	;0.765869	;0.477027	;264.323
22	;0.765869	;0.477027	;264.323
23	;0.765869	;0.477027	;264.323
24	;0.765869	;0.477027	;264.323
25	;0.765869	;0.477027	;264.323
26	;0.765869	;0.477027	;264.323
27	;0.765869	;0.477027	;264.323
28	;0.765869	;0.477027	;264.323
29	;0.765869	;0.477027	;264.323
30	;0.765869	;0.477027	;264.323
31	;0.765869	;0.477027	;264.323
32	;0.780505	;0.435231	;264.283
33	;0.780505	;0.435231	;264.283
34	;0.780505	;0.435231	;264.283
35	;0.785927	;0.416108	;263.905
36	;0.785927	;0.416108	;263.905
37	;0.785927	;0.416108	;263.905
38	;0.785927	;0.416108	;263.905
39	;0.785927	;0.416108	;263.905
40	;0.785927	;0.416108	;263.905
41	;0.785927	;0.416108	;263.905
42	;0.785927	;0.416108	;263.905
43	;0.785927	;0.416108	;263.905
44	;0.785927	;0.416108	;263.905
45	;0.785927	;0.416108	;263.905
46	;0.785927	;0.416108	;263.905
47	;0.785927	;0.416108	;263.905
48	;0.785927	;0.416108	;263.905
49	;0.785927	;0.416108	;263.905
50	;0.785927	;0.416108	;263.905
51	;0.785927	;0.416108	;263.905
52	;0.785927	;0.416108	;263.905
53	;0.785927	;0.416108	;263.905
54	;0.785927	;0.416108	;263.905
55	;0.785927	;0.416108	;263.905
56	;0.785927	;0.416108	;263.905
57	;0.785927	;0.416108	;263.905
58	;0.785927	;0.416108	;263.905
59	;0.785927	;0.416108	;263.905
60	;0.785927	;0.416108	;263.905
61	;0.785927	;0.416108	;263.905
62	;0.785927	;0.416108	;263.905
63	;0.785927	;0.416108	;263.905
64	;0.785927	;0.416108	;263.905
65	;0.785927	;0.416108	;263.905
66	;0.785927	;0.416108	;263.905
67	;0.785927	;0.416108	;263.905
68	;0.785927	;0.416108	;263.905
69	;0.785927	;0.416108	;263.905
70	;0.785927	;0.416108	;263.905
71	;0.785927	;0.416108	;263.905
72	;0.785927	;0.416108	;263.905
73	;0.785927	;0.416108	;263.905
74	;0.785927	;0.416108	;263.905
75	;0.785927	;0.416108	;263.905
76	;0.785927	;0.416108	;263.905
77	;0.785927	;0.416108	;263.905
78	;0.785927	;0.416108	;263.905
79	;0.785927	;0.416108	;263.905
80	;0.785927	;0.416108	;263.905
81	;0.785927	;0.416108	;263.905
82	;0.785927	;0.416108	;263.905
83	;0.785927	;0.416108	;263.905
84	;0.785927	;0.416108	;263.905
85	;0.785927	;0.416108	;263.905
86	;0.785927	;0.416108	;263.905
87	;0.785927	;0.416108	;263.905
88	;0.785927	;0.416108	;263.905
89	;0.785927	;0.416108	;263.905
90	;0.785927	;0.416108	;263.905
91	;0.785927	;0.416108	;263.905
92	;0.785927	;0.416108	;263.905
93	;0.785927	;0.416108	;263.905
94	;0.785927	;0.416108	;263.905
95	;0.785927	;0.416108	;263.905
96	;0.785927	;0.416108	;263.905
97	;0.785927	;0.416108	;263.905
98	;0.785927	;0.416108	;263.905
99	;0.785927	;0.416108	;263.905
100	;0.785927	;0.416108	;263.905
101	;0.785927	;0.416108	;263.905
102	;0.785927	;0.416108	;263.905
103	;0.785927	;0.416108	;263.905
104	;0.785927	;0.416108	;263.905
105	;0.785927	;0.416108	;263.905
106	;0.785927	;0.416108	;263.905
107	;0.785927	;0.416108	;263.905
108	;0.785927	;0.416108	;263.905
109	;0.785927	;0.416108	;263.905
110	;0.785927	;0.416108	;263.905
111	;0.785927	;0.416108	;263.905
112	;0.785927	;0.416108	;263.905
113	;0.785927	;0.416108	;263.905
114	;0.785927	;0.416108	;263.905
115	;0.785927	;0.416108	;263.905
116	;0.785927	;0.416108	;263.905
117	;0.785927	;0.416108	;263.905
118	;0.785927	;0.416108	;263.905
119	;0.78587	;0.416255	;263.903
120	;0.78587	;0.416255	;263.903
121	;0.78587	;0.416255	;263.903
122	;0.78587	;0.416255	;263.903
123	;0.78587	;0.416255	;263.903
124	;0.78587	;0.416255	;263.903
125	;0.78587	;0.416255	;263.903
126	;0.78587	;0.416255	;263.903
127	;0.78587	;0.416255	;263.903
128	;0.78587	;0.416255	;263.903
129	;0.78587	;0.416255	;263.903
130	;0.78587	;0.416255	;263.903
131	;0.78587	;0.416255	;263.903
132	;0.78587	;0.416255	;263.903
133	;0.78587	;0.416255	;263.903
134	;0.78587	;0.416255	;263.903
135	;0.78587	;0.416255	;263.903
136	;0.78587	;0.416255	;263.903
137	;0.78587	;0.416255	;263.903
138	;0.78587	;0.416255	;263.903
139	;0.78587	;0.416255	;263.903
140	;0.78587	;0.416255	;263.903
141	;0.78587	;0.416255	;263.903
142	;0.78587	;0.416255	;263.903
143	;0.78587	;0.416255	;263.903
144	;0.78587	;0.416255	;263.903
145	;0.78587	;0.416255	;263.903
146	;0.78587	;0.416255	;263.903
147	;0.78587	;0.416255	;263.903
148	;0.78587	;0.416255	;263.903
149	;0.78587	;0.416255	;263.903
150	;0.78587	;0.416255	;263.903

1	;0.840077	;0.340693	;271.679
2	;0.82113	;0.35564	;267.815
3	;0.79227	;0.399547	;264.043
4	;0.79227	;0.399547	;264.043
5	;0.79227	;0.399547	;264.043
6	;0.79227	;0.399547	;264.043
7	;0.79227	;0.399547	;264.043
8	;0.785981	;0.416447	;263.954
9	;0.785981	;0.416447	;263.954
10	;0.785981	;0.416447	;263.954
11	;0.785981	;0.416447	;263.954
12	;0.785981	;0.416447	;263.954
13	;0.785981	;0.416447	;263.954
14	;0.785981	;0.416447	;263.954
15	;0.785981	;0.416447	;263.954
16	;0.785981	;0.416447	;263.954
17	;0.785981	;0.416447	;263.954
18	;0.785981	;0.416447	;263.954
19	;0.785699	;0.416945	;263.924
20	;0.785699	;0.416945	;263.924
21	;0.791721	;0.399835	;263.916
22	;0.791721	;0.399835	;263.916
23	;0.791721	;0.399835	;263.916
24	;0.791721	;0.399835	;263.916
25	;0.791721	;0.399835	;263.916
26	;0.791721	;0.399835	;263.916
27	;0.791721	;0.399835	;263.916
28	;0.791721	;0.399835	;263.916
29	;0.791721	;0.399835	;263.916
30	;0.791721	;0.399835	;263.916
31	;0.791721	;0.399835	;263.916
32	;0.791721	;0.399835	;263.916
33	;0.791721	;0.399835	;263.916
34	;0.791049	;0.401681	;263.911
35	;0.791049	;0.401681	;263.911
36	;0.791049	;0.401681	;263.911
37	;0.791084	;0.401497	;263.902
38	;0.791084	;0.401497	;263.902
39	;0.791084	;0.401497	;263.902
40	;0.791084	;0.401497	;263.902
41	;0.791084	;0.401497	;263.902
42	;0.791084	;0.401497	;263.902
43	;0.791084	;0.401497	;263.902
44	;0.791084	;0.401497	;263.902
45	;0.791084	;0.401497	;263.902
46	;0.791084	;0.401497	;263.902
47	;0.791084	;0.401497	;263.902
48	;0.791084	;0.401497	;263.902
49	;0.791084	;0.401497	;263.902
50	;0.791084	;0.401497	;263.902
51	;0.791084	;0.401497	;263.902
52	;0.791084	;0.401497	;263.902
53	;0.791084	;0.401497	;263.902
54	;0.791084	;0.401497	;263.902
55	;0.791084	;0.401497	;263.902
56	;0.791084	;0.401497	;263.902
57	;0.791084	;0.401497	;263.902
58	;0.791084	;0.401497	;263.902
59	;0.791084	;0.401497	;263.902
60	;0.791084	;0.401497	;263.902
61	;0.791084	;0.401497	;263.902
62	;0.791084	;0.401497	;263.902
63	;0.791084	;0.401497	;263.902
64	;0.791084	;0.401497	;263.902
65	;0.791084	;0.401497	;263.902
66	;0.791084	;0.401497	;263.902
67	;0.791084	;0.401497	;263.902
68	;0.791084	;0.401497	;263.902
69	;0.791084	;0.401497	;263.902
70	;0.791084	;0.401497	;263.902
71	;0.791084	;0.401497	;263.902
72	;0.791084	;0.401497	;263.902
73	;0.791084	;0.401497	;263.902
74	;0.791084	;0.401497	;263.902
75	;0.791084	;0.401497	;263.902
76	;0.791084	;0.401497	;263.902
77	;0.791084	;0.401497	;263.902
78	;0.791084	;0.401497	;263.902
79	;0.791084	;0.401497	;263.902
80	;0.791084	;0.401497	;263.902
81	;0.791084	;0.401497	;263.902
82	;0.791084	;0.401497	;263.902
83	;0.791084	;0.401497	;263.902
84	;0.791084	;0.401497	;263.902
85	;0.791084	;0.401497	;263.902
86	;0.791084	;0.401497	;263.902
87	;0.791084	;0.401497	;263.902
88	;0.791084	;0.401497	;263.902
89	;0.791084	;0.401497	;263.902
90	;0.791084	;0.401497	;263.902
91	;0.791084	;0.401497	;263.902
92	;0.791084	;0.401497	;263.902
93	;0.791084	;0.401497	;263.902
94	;0.791084	;0.401497	;263.902
95	;0.791084	;0.401497	;263.902
96	;0.791084	;0.401497	;263.902
97	;0.791084	;0.401497	;263.902
98	;0.791084	;0.401497	;263.902
99	;0.791084	;0.401497	;263.902
100	;0.791084	;0.401497	;263.902
101	;0.791084	;0.401497	;263.902
102	;0.791084	;0.401497	;263.902
103	;0.791084	;0.401497	;263.902
104	;0.791084	;0.401497	;263.902
105	;0.791084	;0.401497	;263.902
106	;0.791084	;0.401497	;263.902
107	;0.791084	;0.401497	;263.902
108	;0.791084	;0.401497	;263.902
109	;0.791084	;0.401497	;263.902
110	;0.791084	;0.401497	;263.902
111	;0.791084	;0.401497	;263.902
112	;0.791084	;0.401497	;263.902
113	;0.791084	;0.401497	;263.902
114	;0.791084	;0.401497	;263.902
115	;0.791084	;0.401497	;263.902
116	;0.791084	;0.401497	;263.902
117	;0.791084	;0.401497	;263.902
118	;0.791084	;0.401497	;263.902
119	;0.791084	;0.401497	;263.902
120	;0.791084	;0.401497	;263.902
121	;0.791084	;0.401497	;263.902
122	;0.791084	;0.401497	;263.902
123	;0.791084	;0.401497	;263.902
124	;0.791084	;0.401497	;263.902
125	;0.791084	;0.401497	;263.902
126	;0.791084	;0.401497	;263.902
127	;0.791084	;0.401497	;263.902
128	;0.791084	;0.401497	;263.902
129	;0.791084	;0.401497	;263.902
130	;0.791084	;0.401497	;263.902
131	;0.791084	;0.401497	;263.902
132	;0.791084	;0.401497	;263.902
133	;0.791084	;0.401497	;263.902
134	;0.791084	;0.401497	;263.902
135	;0.791084	;0.401497	;263.902
136	;0.791084	;0.401497	;263.902
137	;0.791084	;0.401497	;263.902
138	;0.791084	;0.401497	;263.902
139	;0.791084	;0.401497	;263.902
140	;0.791084	;0.401497	;263.902
141	;0.791084	;0.401497	;263.902
142	;0.791084	;0.401497	;263.902
143	;0.791084	;0.401497	;263.902
144	;0.791084	;0.401497	;263.902
145	;0.791084	;0.401497	;263.902
146	;0.791084	;0.401497	;263.902
147	;0.791084	;0.401497	;263.902
148	;0.791084	;0.401497	;263.902
149	;0.791084	;0.401497	;263.902
150	;0.791084	;0.401497	;263.902

1	;0.869064	;0.22816	;268.625
2	;0.842619	;0.290552	;267.384
3	;0.832953	;0.296759	;265.271
4	;0.832953	;0.296759	;265.271
5	;0.80578	;0.364293	;264.338
6	;0.80578	;0.364293	;264.338
7	;0.80578	;0.364293	;264.338
8	;0.80578	;0.364293	;264.338
9	;0.80578	;0.364293	;264.338
10	;0.80578	;0.364293	;264.338
11	;0.80578	;0.364293	;264.338
12	;0.80578	;0.364293	;264.338
13	;0.80578	;0.364293	;264.338
14	;0.80578	;0.364293	;264.338
15	;0.80578	;0.364293	;264.338
16	;0.78649	;0.416382	;264.091
17	;0.78649	;0.416382	;264.091
18	;0.78649	;0.416382	;264.091
19	;0.78649	;0.416382	;264.091
20	;0.78649	;0.416382	;264.091
21	;0.78649	;0.416382	;264.091
22	;0.78649	;0.416382	;264.091
23	;0.78649	;0.416382	;264.091
24	;0.78649	;0.416382	;264.091
25	;0.78649	;0.416382	;264.091
26	;0.78649	;0.416382	;264.091
27	;0.78649	;0.416382	;264.091
28	;0.785124	;0.419188	;263.985
29	;0.785124	;0.419188	;263.985
30	;0.785124	;0.419188	;263.985
31	;0.785124	;0.419188	;263.985
32	;0.785124	;0.419188	;263.985
33	;0.785124	;0.419188	;263.985
34	;0.785124	;0.419188	;263.985
35	;0.785124	;0.419188	;263.985
36	;0.785124	;0.419188	;263.985
37	;0.785124	;0.419188	;263.985
38	;0.785124	;0.419188	;263.985
39	;0.785124	;0.419188	;263.985
40	;0.785124	;0.419188	;263.985
41	;0.785124	;0.419188	;263.985
42	;0.785124	;0.419188	;263.985
43	;0.785124	;0.419188	;263.985
44	;0.785124	;0.419188	;263.985
45	;0.784578	;0.419995	;263.912
46	;0.784578	;0.419995	;263.912
47	;0.784578	;0.419995	;263.912
48	;0.784578	;0.419995	;263.912
49	;0.784578	;0.419995	;263.912
50	;0.784578	;0.419995	;263.912
51	;0.784578	;0.419995	;263.912
52	;0.784578	;0.419995	;263.912
53	;0.784578	;0.419995	;263.912
54	;0.784578	;0.419995	;263.912
55	;0.784578	;0.419995	;263.912
56	;0.784578	;0.419995	;263.912
57	;0.784578	;0.419995	;263.912
58	;0.784578	;0.419995	;263.912
59	;0.784578	;0.419995	;263.912
60	;0.784578	;0.419995	;263.912
61	;0.784578	;0.419995	;263.912
62	;0.784578	;0.419995	;263.912
63	;0.784578	;0.419995	;263.912
64	;0.784578	;0.419995	;263.912
65	;0.784578	;0.419995	;263.912
66	;0.784578	;0.419995	;263.912
67	;0.784578	;0.419995	;263.912
68	;0.784578	;0.419995	;263.912
69	;0.784578	;0.419995	;263.912
70	;0.784578	;0.419995	;263.912
71	;0.784578	;0.419995	;263.912
72	;0.784578	;0.419995	;263.912
73	;0.784578	;0.419995	;263.912
74	;0.784578	;0.419995	;263.912
75	;0.784578	;0.419995	;263.912
76	;0.784578	;0.419995	;263.912
77	;0.784578	;0.419995	;263.912
78	;0.784578	;0.419995	;263.912
79	;0.784578	;0.419995	;263.912
80	;0.784578	;0.419995	;263.912
81	;0.784578	;0.419995	;263.912
82	;0.784578	;0.419995	;263.912
83	;0.784578	;0.419995	;263.912
84	;0.784578	;0.419995	;263.912
85	;0.784578	;0.419995	;263.912
86	;0.784578	;0.419995	;263.912
87	;0.784578	;0.419995	;263.912
88	;0.784578	;0.419995	;263.912
89	;0.784578	;0.419995	;263.912
90	;0.784578	;0.419995	;263.912
91	;0.784578	;0.419995	;263.912
92	;0.784578	;0.419995	;263.912
93	;0.784578	;0.419995	;263.912
94	;0.784578	;0.419995	;263.912
95	;0.784578	;0.419995	;263.912
96	;0.784578	;0.419995	;263.912
97	;0.784578	;0.419995	;263.912
98	;0.784578	;0.419995	;263.912
99	;0.784578	;0.419995	;263.912
100	;0.784578	;0.419995	;263.912
101	;0.784578	;0.419995	;263.912
102	;0.784578	;0.419995	;263.912
103	;0.784578	;0.419995	;263.912
104	;0.784578	;0.419995	;263.912
105	;0.784578	;0.419995	;263.912
106	;0.784578	;0.419995	;263.912
107	;0.784578	;0.419995	;263.912
108	;0.784578	;0.419995	;263.912
109	;0.784578	;0.419995	;263.912
110	;0.784578	;0.419995	;263.912
111	;0.784578	;0.419995	;263.912
112	;0.784578	;0.419995	;263.912
113	;0.784578	;0.419995	;263.912
114	;0.784578	;0.419995	;263.912
115	;0.784578	;0.419995	;263.912
116	;0.784578	;0.419995	;263.912
117	;0.784578	;0.419995	;263.912
118	;0.784578	;0.419995	;263.912
119	;0.784578	;0.419995	;263.912
120	;0.784578	;0.419995	;263.912
121	;0.784578	;0.419995	;263.912
122	;0.784578	;0.419995	;263.912
123	;0.784578	;0.419995	;263.912
124	;0.784578	;0.419995	;263.912
125	;0.784578	;0.419995	;263.912
126	;0.784578	;0.419995	;263.912
127	;0.784578	;0.419995	;263.912
128	;0.784578	;0.419995	;263.912
129	;0.784578	;0.419995	;263.912
130	;0.784578	;0.419995	;263.912
131	;0.784578	;0.419995	;263.912
132	;0.784578	;0.419995	;263.912
133	;0.784578	;0.419995	;263.912
134	;0.784578	;0.419995	;263.912
135	;0.784578	;0.419995	;263.912
136	;0.784578	;0.419995	;263.912
137	;0.784578	;0.419995	;263.912
138	;0.784578	;0.419995	;263.912
139	;0.784578	;0.419995	;263.912
140	;0.784578	;0.419995	;263.912
141	;0.784578	;0.419995	;263.912
142	;0.784578	;0.419995	;263.912
143	;0.784578	;0.419995	;263.912
144	;0.784578	;0.419995	;263.912
145	;0.784578	;0.419995	;263.912
146	;0.784578	;0.419995	;263.912
147	;0.784578	;0.419995	;263.912
148	;0.784578	;0.419995	;263.912
149	;0.784578	;0.419995	;263.912
150	;0.784578	;0.419995	;263.912

1	;0.802348	;0.38975	;265.913
2	;0.800766	;0.375124	;264.003
3	;0.800766	;0.375124	;264.003
4	;0.800766	;0.375124	;264.003
5	;0.800766	;0.375124	;264.003
6	;0.800766	;0.375124	;264.003
7	;0.800766	;0.375124	;264.003
8	;0.800766	;0.375124	;264.003
9	;0.800766	;0.375124	;264.003
10	;0.800766	;0.375124	;264.003
11	;0.800766	;0.375124	;264.003
12	;0.800766	;0.375124	;264.003
13	;0.800766	;0.375124	;264.003
14	;0.792633	;0.397559	;263.946
15	;0.792633	;0.397559	;263.946
16	;0.792633	;0.397559	;263.946
17	;0.792633	;0.397559	;263.946
18	;0.792633	;0.397559	;263.946
19	;0.792633	;0.397559	;263.946
20	;0.792633	;0.397559	;263.946
21	;0.792633	;0.397559	;263.946
22	;0.792633	;0.397559	;263.946
23	;0.792633	;0.397559	;263.946
24	;0.792633	;0.397559	;263.946
25	;0.792633	;0.397559	;263.946
26	;0.792633	;0.397559	;263.946
27	;0.792633	;0.397559	;263.946
28	;0.792633	;0.397559	;263.946
29	;0.792633	;0.397559	;263.946
30	;0.792633	;0.397559	;263.946
31	;0.792633	;0.397559	;263.946
32	;0.792633	;0.397559	;263.946
33	;0.792633	;0.397559	;263.946
34	;0.792633	;0.397559	;263.946
35	;0.792633	;0.397559	;263.946
36	;0.792633	;0.397559	;263.946
37	;0.792633	;0.397559	;263.946
38	;0.792633	;0.397559	;263.946
39	;0.792633	;0.397559	;263.946
40	;0.792633	;0.397559	;263.946
41	;0.792633	;0.397559	;263.946
42	;0.792633	;0.397559	;263.946
43	;0.792633	;0.397559	;263.946
44	;0.792633	;0.397559	;263.946
45	;0.792633	;0.397559	;263.946
46	;0.792633	;0.397559	;263.946
47	;0.792633	;0.397559	;263.946
48	;0.792633	;0.397559	;263.946
49	;0.792633	;0.397559	;263.946
50	;0.792633	;0.397559	;263.946
51	;0.792633	;0.397559	;263.946
52	;0.792633	;0.397559	;263.946
53	;0.792633	;0.397559	;263.946
54	;0.786201	;0.415357	;263.907
55	;0.786201	;0.415357	;263.907
56	;0.786201	;0.415357	;263.907
57	;0.786201	;0.415357	;263.907
58	;0.786201	;0.415357	;263.907
59	;0.786201	;0.415357	;263.907
60	;0.786201	;0.415357	;263.907
61	;0.786201	;0.415357	;263.907
62	;0.786201	;0.415357	;263.907
63	;0.786201	;0.415357	;263.907
64	;0.786201	;0.415357	;263.907
65	;0.786201	;0.415357	;263.907
66	;0.786201	;0.415357	;263.907
67	;0.786201	;0.415357	;263.907
68	;0.786201	;0.415357	;263.907
69	;0.786201	;0.415357	;263.907
70	;0.786201	;0.415357	;263.907
71	;0.786201	;0.415357	;263.907
72	;0.786201	;0.415357	;263.907
73	;0.786201	;0.415357	;263.907
74	;0.786201	;0.415357	;263.907
75	;0.786201	;0.415357	;263.907
76	;0.786201	;0.415357	;263.907
77	;0.786201	;0.415357	;263.907
78	;0.786201	;0.415357	;263.907
79	;0.786201	;0.415357	;263.907
80	;0.786201	;0.415357	;263.907
81	;0.786201	;0.415357	;263.907
82	;0.786201	;0.415357	;263.907
83	;0.786201	;0.415357	;263.907
84	;0.786201	;0.415357	;263.907
85	;0.786201	;0.415357	;263.907
86	;0.786201	;0.415357	;263.907
87	;0.786201	;0.415357	;263.907
88	;0.786201	;0.415357	;263.907
89	;0.786201	;0.415357	;263.907
90	;0.786201	;0.415357	;263.907
91	;0.786201	;0.415357	;263.907
92	;0.786201	;0.415357	;263.907
93	;0.786201	;0.415357	;263.907
94	;0.786201	;0.415357	;263.907
95	;0.786201	;0.415357	;263.907
96	;0.786201	;0.415357	;263.907
97	;0.786201	;0.415357	;263.907
98	;0.786201	;0.415357	;263.907
99	;0.786201	;0.415357	;263.907
100	;0.786201	;0.415357	;263.907
101	;0.786201	;0.415357	;263.907
102	;0.786201	;0.415357	;263.907
103	;0.786201	;0.415357	;263.907
104	;0.786201	;0.415357	;263.907
105	;0.786201	;0.415357	;263.907
106	;0.786201	;0.415357	;263.907
107	;0.786201	;0.415357	;263.907
108	;0.786201	;0.415357	;263.907
109	;0.786201	;0.415357	;263.907
110	;0.786201	;0.415357	;263.907
111	;0.786201	;0.415357	;263.907
112	;0.786201	;0.415357	;263.907
113	;0.786201	;0.415357	;263.907
114	;0.786201	;0.415357	;263.907
115	;0.786201	;0.415357	;263.907
116	;0.786201	;0.415357	;263.907
117	;0.786201	;0.415357	;263.907
118	;0.786201	;0.415357	;263.907
119	;0.786201	;0.415357	;263.907
120	;0.786201	;0.415357	;263.907
121	;0.786201	;0.415357	;263.907
122	;0.786201	;0.415357	;263.907
123	;0.786201	;0.415357	;263.907
124	;0.786201	;0.415357	;263.907
125	;0.786201	;0.415357	;263.907
126	;0.786201	;0.415357	;263.907
127	;0.786201	;0.415357	;263.907
128	;0.786201	;0.415357	;263.907
129	;0.786201	;0.415357	;263.907
130	;0.786201	;0.415357	;263.907
131	;0.786201	;0.415357	;263.907
132	;0.786201	;0.415357	;263.907
133	;0.786201	;0.415357	;263.907
134	;0.786201	;0.415357	;263.907
135	;0.786201	;0.415357	;263.907
136	;0.786201	;0.415357	;263.907
137	;0.786201	;0.415357	;263.907
138	;0.786201	;0.415357	;263.907
139	;0.786201	;0.415357	;263.907
140	;0.786201	;0.415357	;263.907
141	;0.786201	;0.415357	;263.907
142	;0.786201	;0.415357	;263.907
143	;0.786201	;0.415357	;263.907
144	;0.786201	;0.415357	;263.907
145	;0.786201	;0.415357	;263.907
146	;0.786201	;0.415357	;263.907
147	;0.786201	;0.415357	;263.907
148	;0.786201	;0.415357	;263.907
149	;0.786201	;0.415357	;263.907
150	;0.786201	;0.415357	;263.907

1	;0.741684	;0.606232	;270.403
2	;0.741684	;0.606232	;270.403
3	;0.767351	;0.525846	;269.624
4	;0.761603	;0.508408	;266.255
5	;0.77789	;0.457067	;265.727
6	;0.798972	;0.386037	;264.587
7	;0.798523	;0.381959	;264.052
8	;0.798523	;0.381959	;264.052
9	;0.798523	;0.381959	;264.052
10	;0.794327	;0.393197	;263.989
11	;0.793466	;0.395449	;263.971
12	;0.793107	;0.395882	;263.913
13	;0.793107	;0.395882	;263.913
14	;0.793107	;0.395882	;263.913
15	;0.793107	;0.395882	;263.913
16	;0.793107	;0.395882	;263.913
17	;0.793107	;0.395882	;263.913
18	;0.793107	;0.395882	;263.913
19	;0.793107	;0.395882	;263.913
20	;0.793107	;0.395882	;263.913
21	;0.793107	;0.395882	;263.913
22	;0.793107	;0.395882	;263.913
23	;0.793107	;0.395882	;263.913
24	;0.793107	;0.395882	;263.913
25	;0.793107	;0.395882	;263.913
26	;0.793107	;0.395882	;263.913
27	;0.793107	;0.395882	;263.913
28	;0.793107	;0.395882	;263.913
29	;0.793107	;0.395882	;263.913
30	;0.793107	;0.395882	;263.913
31	;0.793107	;0.395882	;263.913
32	;0.793107	;0.395882	;263.913
33	;0.793107	;0.395882	;263.913
34	;0.793107	;0.395882	;263.913
35	;0.793107	;0.395882	;263.913
36	;0.793107	;0.395882	;263.913
37	;0.793107	;0.395882	;263.913
38	;0.793107	;0.395882	;263.913
39	;0.793107	;0.395882	;263.913
40	;0.793107	;0.395882	;263.913
41	;0.793107	;0.395882	;263.913
42	;0.793107	;0.395882	;263.913
43	;0.793107	;0.395882	;263.913
44	;0.793107	;0.395882	;263.913
45	;0.793107	;0.395882	;263.913
46	;0.793107	;0.395882	;263.913
47	;0.793107	;0.395882	;263.913
48	;0.793107	;0.395882	;263.913
49	;0.793107	;0.395882	;263.913
50	;0.793107	;0.395882	;263.913
51	;0.793107	;0.395882	;263.913
52	;0.793107	;0.395882	;263.913
53	;0.793107	;0.395882	;263.913
54	;0.793107	;0.395882	;263.913
55	;0.793107	;0.395882	;263.913
56	;0.793107	;0.395882	;263.913
57	;0.793107	;0.395882	;263.913
58	;0.793107	;0.395882	;263.913
59	;0.793107	;0.395882	;263.913
60	;0.793107	;0.395882	;263.913
61	;0.793107	;0.395882	;263.913
62	;0.793107	;0.395882	;263.913
63	;0.793107	;0.395882	;263.913
64	;0.793107	;0.395882	;263.913
65	;0.793107	;0.395882	;263.913
66	;0.793107	;0.395882	;263.913
67	;0.793107	;0.395882	;263.913
68	;0.793107	;0.395882	;263.913
69	;0.793107	;0.395882	;263.913
70	;0.793107	;0.395882	;263.913
71	;0.793107	;0.395882	;263.913
72	;0.793107	;0.395882	;263.913
73	;0.786101	;0.415586	;263.901
74	;0.786101	;0.415586	;263.901
75	;0.786101	;0.415586	;263.901
76	;0.786101	;0.415586	;263.901
77	;0.786101	;0.415586	;263.901
78	;0.786101	;0.415586	;263.901
79	;0.786101	;0.415586	;263.901
80	;0.786101	;0.415586	;263.901
81	;0.786101	;0.415586	;263.901
82	;0.786101	;0.415586	;263.901
83	;0.786101	;0.415586	;263.901
84	;0.786101	;0.415586	;263.901
85	;0.786101	;0.415586	;263.901
86	;0.786101	;0.415586	;263.901
87	;0.786101	;0.415586	;263.901
88	;0.786101	;0.415586	;263.901
89	;0.786101	;0.415586	;263.901
90	;0.786101	;0.415586	;263.901
91	;0.786101	;0.415586	;263.901
92	;0.786101	;0.415586	;263.901
93	;0.786101	;0.415586	;263.901
94	;0.786101	;0.415586	;263.901
95	;0.786101	;0.415586	;263.901
96	;0.786101	;0.415586	;263.901
97	;0.786101	;0.415586	;263.901
98	;0.786101	;0.415586	;263.901
99	;0.786101	;0.415586	;263.901
100	;0.786101	;0.415586	;263.901
101	;0.786101	;0.415586	;263.901
102	;0.786101	;0.415586	;263.901
103	;0.786101	;0.415586	;263.901
104	;0.786101	;0.415586	;263.901
105	;0.786101	;0.415586	;263.901
106	;0.786101	;0.415586	;263.901
107	;0.786101	;0.415586	;263.901
108	;0.786101	;0.415586	;263.901
109	;0.786101	;0.415586	;263.901
110	;0.786101	;0.415586	;263.901
111	;0.786101	;0.415586	;263.901
112	;0.786101	;0.415586	;263.901
113	;0.786101	;0.415586	;263.901
114	;0.786101	;0.415586	;263.901
115	;0.786101	;0.415586	;263.901
116	;0.786101	;0.415586	;263.901
117	;0.786101	;0.415586	;263.901
118	;0.786101	;0.415586	;263.901
119	;0.786101	;0.415586	;263.901
120	;0.786101	;0.415586	;263.901
121	;0.786101	;0.415586	;263.901
122	;0.786101	;0.415586	;263.901
123	;0.786101	;0.415586	;263.901
124	;0.786101	;0.415586	;263.901
125	;0.786101	;0.415586	;263.901
126	;0.786101	;0.415586	;263.901
127	;0.786101	;0.415586	;263.901
128	;0.786101	;0.415586	;263.901
129	;0.786101	;0.415586	;263.901
130	;0.786101	;0.415586	;263.901
131	;0.786101	;0.415586	;263.901
132	;0.786101	;0.415586	;263.901
133	;0.786101	;0.415586	;263.901
134	;0.786101	;0.415586	;263.901
135	;0.786101	;0.415586	;263.901
136	;0.786101	;0.415586	;263.901
137	;0.786101	;0.415586	;263.901
138	;0.787352	;0.41203	;263.9
139	;0.787352	;0.41203	;263.9
140	;0.787352	;0.41203	;263.9
141	;0.787352	;0.41203	;263.9
142	;0.787352	;0.41203	;263.9
143	;0.787352	;0.41203	;263.9
144	;0.787352	;0.41203	;263.9
145	;0.787352	;0.41203	;263.9
146	;0.787352	;0.41203	;263.9
147	;0.787352	;0.41203	;263.9
148	;0.787352	;0.41203	;263.9
149	;0.787352	;0.41203	;263.9
150	;0.787352	;0.41203	;263.9

1	;0.741731	;0.565622	;266.355
2	;0.741731	;0.565622	;266.355
3	;0.741731	;0.565622	;266.355
4	;0.741731	;0.565622	;266.355
5	;0.741731	;0.565622	;266.355
6	;0.741224	;0.562371	;265.887
7	;0.74367	;0.554414	;265.783
8	;0.74367	;0.554414	;265.783
9	;0.751349	;0.529732	;265.487
10	;0.751349	;0.529732	;265.487
11	;0.777189	;0.451852	;265.007
12	;0.777189	;0.451852	;265.007
13	;0.78984	;0.405217	;263.922
14	;0.78984	;0.405217	;263.922
15	;0.78984	;0.405217	;263.922
16	;0.78984	;0.405217	;263.922
17	;0.78984	;0.405217	;263.922
18	;0.78984	;0.405217	;263.922
19	;0.78984	;0.405217	;263.922
20	;0.78984	;0.405217	;263.922
21	;0.78984	;0.405217	;263.922
22	;0.78984	;0.405217	;263.922
23	;0.78984	;0.405217	;263.922
24	;0.78984	;0.405217	;263.922
25	;0.78984	;0.405217	;263.922
26	;0.790078	;0.404451	;263.913
27	;0.790078	;0.404451	;263.913
28	;0.789923	;0.404852	;263.909
29	;0.789923	;0.404852	;263.909
30	;0.789923	;0.404852	;263.909
31	;0.789923	;0.404852	;263.909
32	;0.789923	;0.404852	;263.909
33	;0.789923	;0.404852	;263.909
34	;0.789923	;0.404852	;263.909
35	;0.789923	;0.404852	;263.909
36	;0.789923	;0.404852	;263.909
37	;0.789923	;0.404852	;263.909
38	;0.789923	;0.404852	;263.909
39	;0.789923	;0.404852	;263.909
40	;0.789923	;0.404852	;263.909
41	;0.789923	;0.404852	;263.909
42	;0.789923	;0.404852	;263.909
43	;0.789923	;0.404852	;263.909
44	;0.789923	;0.404852	;263.909
45	;0.786011	;0.415876	;263.905
46	;0.786011	;0.415876	;263.905
47	;0.786011	;0.415876	;263.905
48	;0.786011	;0.415876	;263.905
49	;0.786011	;0.415876	;263.905
50	;0.786011	;0.415876	;263.905
51	;0.786011	;0.415876	;263.905
52	;0.786011	;0.415876	;263.905
53	;0.786011	;0.415876	;263.905
54	;0.786011	;0.415876	;263.905
55	;0.786011	;0.415876	;263.905
56	;0.786011	;0.415876	;263.905
57	;0.786011	;0.415876	;263.905
58	;0.786011	;0.415876	;263.905
59	;0.786011	;0.415876	;263.905
60	;0.786011	;0.415876	;263.905
61	;0.786011	;0.415876	;263.905
62	;0.786011	;0.415876	;263.905
63	;0.786011	;0.415876	;263.905
64	;0.786011	;0.415876	;263.905
65	;0.786011	;0.415876	;263.905
66	;0.786011	;0.415876	;263.905
67	;0.786011	;0.415876	;263.905
68	;0.786011	;0.415876	;263.905
69	;0.786011	;0.415876	;263.905
70	;0.786011	;0.415876	;263.905
71	;0.786011	;0.415876	;263.905
72	;0.786011	;0.415876	;263.905
73	;0.786011	;0.415876	;263.905
74	;0.786011	;0.415876	;263.905
75	;0.786011	;0.415876	;263.905
76	;0.786011	;0.415876	;263.905
77	;0.786011	;0.415876	;263.905
78	;0.786011	;0.415876	;263.905
79	;0.786011	;0.415876	;263.905
80	;0.786011	;0.415876	;263.905
81	;0.786011	;0.415876	;263.905
82	;0.786011	;0.415876	;263.905
83	;0.786011	;0.415876	;263.905
84	;0.786011	;0.415876	;263.905
85	;0.786011	;0.415876	;263.905
86	;0.786011	;0.415876	;263.905
87	;0.786011	;0.415876	;263.905
88	;0.786011	;0.415876	;263.905
89	;0.786011	;0.415876	;263.905
90	;0.786011	;0.415876	;263.905
91	;0.786011	;0.415876	;263.905
92	;0.786011	;0.415876	;263.905
93	;0.786011	;0.415876	;263.905
94	;0.786011	;0.415876	;263.905
95	;0.786011	;0.415876	;263.905
96	;0.786011	;0.415876	;263.905
97	;0.786011	;0.415876	;263.905
98	;0.786011	;0.415876	;263.905
99	;0.786011	;0.415876	;263.905
100	;0.786011	;0.415876	;263.905
101	;0.786011	;0.415876	;263.905
102	;0.786011	;0.415876	;263.905
103	;0.786011	;0.415876	;263.905
104	;0.786011	;0.415876	;263.905
105	;0.786011	;0.415876	;263.905
106	;0.786011	;0.415876	;263.905
107	;0.786011	;0.415876	;263.905
108	;0.786011	;0.415876	;263.905
109	;0.786011	;0.415876	;263.905
110	;0.786011	;0.415876	;263.905
111	;0.786011	;0.415876	;263.905
112	;0.786011	;0.415876	;263.905
113	;0.786011	;0.415876	;263.905
114	;0.786011	;0.415876	;263.905
115	;0.786011	;0.415876	;263.905
116	;0.786011	;0.415876	;263.905
117	;0.786011	;0.415876	;263.905
118	;0.786011	;0.415876	;263.905
119	;0.786011	;0.415876	;263.905
120	;0.786011	;0.415876	;263.905
121	;0.786011	;0.415876	;263.905
122	;0.786011	;0.415876	;263.905
123	;0.786011	;0.415876	;263.905
124	;0.786011	;0.415876	;263.905
125	;0.786011	;0.415876	;263.905
126	;0.786011	;0.415876	;263.905
127	;0.786011	;0.415876	;263.905
128	;0.786011	;0.415876	;263.905
129	;0.786011	;0.415876	;263.905
130	;0.786011	;0.415876	;263.905
131	;0.786011	;0.415876	;263.905
132	;0.786011	;0.415876	;263.905
133	;0.786011	;0.415876	;263.905
134	;0.786011	;0.415876	;263.905
135	;0.786011	;0.415876	;263.905
136	;0.786011	;0.415876	;263.905
137	;0.786011	;0.415876	;263.905
138	;0.786011	;0.415876	;263.905
139	;0.786011	;0.415876	;263.905
140	;0.786011	;0.415876	;263.905
141	;0.786011	;0.415876	;263.905
142	;0.786011	;0.415876	;263.905
143	;0.786011	;0.415876	;263.905
144	;0.786011	;0.415876	;263.905
145	;0.786011	;0.415876	;263.905
146	;0.786011	;0.415876	;263.905
147	;0.786011	;0.415876	;263.905
148	;0.786011	;0.415876	;263.905
149	;0.786011	;0.415876	;263.905
150	;0.786011	;0.415876	;263.905

1	;0.750157	;0.549362	;267.113
2	;0.750157	;0.549362	;267.113
3	;0.7505	;0.543253	;266.599
4	;0.7505	;0.543253	;266.599
5	;0.7505	;0.543253	;266.599
6	;0.7505	;0.543253	;266.599
7	;0.781048	;0.434886	;264.402
8	;0.781048	;0.434886	;264.402
9	;0.79176	;0.400044	;263.948
10	;0.79176	;0.400044	;263.948
11	;0.79176	;0.400044	;263.948
12	;0.79176	;0.400044	;263.948
13	;0.79176	;0.400044	;263.948
14	;0.792678	;0.397059	;263.909
15	;0.792678	;0.397059	;263.909
16	;0.792678	;0.397059	;263.909
17	;0.792678	;0.397059	;263.909
18	;0.792678	;0.397059	;263.909
19	;0.792678	;0.397059	;263.909
20	;0.792678	;0.397059	;263.909
21	;0.792678	;0.397059	;263.909
22	;0.792678	;0.397059	;263.909
23	;0.792678	;0.397059	;263.909
24	;0.792678	;0.397059	;263.909
25	;0.792678	;0.397059	;263.909
26	;0.792678	;0.397059	;263.909
27	;0.792678	;0.397059	;263.909
28	;0.792678	;0.397059	;263.909
29	;0.792678	;0.397059	;263.909
30	;0.792678	;0.397059	;263.909
31	;0.792678	;0.397059	;263.909
32	;0.792678	;0.397059	;263.909
33	;0.792678	;0.397059	;263.909
34	;0.792678	;0.397059	;263.909
35	;0.792678	;0.397059	;263.909
36	;0.792678	;0.397059	;263.909
37	;0.792678	;0.397059	;263.909
38	;0.792678	;0.397059	;263.909
39	;0.792678	;0.397059	;263.909
40	;0.792678	;0.397059	;263.909
41	;0.792678	;0.397059	;263.909
42	;0.792678	;0.397059	;263.909
43	;0.792678	;0.397059	;263.909
44	;0.792678	;0.397059	;263.909
45	;0.792678	;0.397059	;263.909
46	;0.792678	;0.397059	;263.909
47	;0.792678	;0.397059	;263.909
48	;0.792678	;0.397059	;263.909
49	;0.792678	;0.397059	;263.909
50	;0.792678	;0.397059	;263.909
51	;0.792678	;0.397059	;263.909
52	;0.792678	;0.397059	;263.909
53	;0.792678	;0.397059	;263.909
54	;0.792678	;0.397059	;263.909
55	;0.792678	;0.397059	;263.909
56	;0.792678	;0.397059	;263.909
57	;0.792678	;0.397059	;263.909
58	;0.792678	;0.397059	;263.909
59	;0.792678	;0.397059	;263.909
60	;0.792678	;0.397059	;263.909
61	;0.792678	;0.397059	;263.909
62	;0.792678	;0.397059	;263.909
63	;0.792678	;0.397059	;263.909
64	;0.792678	;0.397059	;263.909
65	;0.792678	;0.397059	;263.909
66	;0.792678	;0.397059	;263.909
67	;0.792678	;0.397059	;263.909
68	;0.792678	;0.397059	;263.909
69	;0.792678	;0.397059	;263.909
70	;0.792678	;0.397059	;263.909
71	;0.792678	;0.397059	;263.909
72	;0.792678	;0.397059	;263.909
73	;0.792678	;0.397059	;263.909
74	;0.792678	;0.397059	;263.909
75	;0.792678	;0.397059	;263.909
76	;0.792678	;0.397059	;263.909
77	;0.792678	;0.397059	;263.909
78	;0.792678	;0.397059	;263.909
79	;0.792678	;0.397059	;263.909
80	;0.792678	;0.397059	;263.909
81	;0.792678	;0.397059	;263.909
82	;0.792678	;0.397059	;263.909
83	;0.792678	;0.397059	;263.909
84	;0.792678	;0.397059	;263.909
85	;0.792678	;0.397059	;263.909
86	;0.792678	;0.397059	;263.909
87	;0.792678	;0.397059	;263.909
88	;0.792678	;0.397059	;263.909
89	;0.792678	;0.397059	;263.909
90	;0.792678	;0.397059	;263.909
91	;0.792678	;0.397059	;263.909
92	;0.792678	;0.397059	;263.909
93	;0.787601	;0.411336	;263.901
94	;0.787601	;0.411336	;263.901
95	;0.787601	;0.411336	;263.901
96	;0.787601	;0.411336	;263.901
97	;0.787601	;0.411336	;263.901
98	;0.787601	;0.411336	;263.901
99	;0.787601	;0.411336	;263.901
100	;0.787601	;0.411336	;263.901
101	;0.787601	;0.411336	;263.901
102	;0.787601	;0.411336	;263.901
103	;0.787601	;0.411336	;263.901
104	;0.787601	;0.411336	;263.901
105	;0.787601	;0.411336	;263.901
106	;0.787601	;0.411336	;263.901
107	;0.787601	;0.411336	;263.901
108	;0.787601	;0.411336	;263.901
109	;0.787601	;0.411336	;263.901
110	;0.787601	;0.411336	;263.901
111	;0.787601	;0.411336	;263.901
112	;0.787601	;0.411336	;263.901
113	;0.787601	;0.411336	;263.901
114	;0.787601	;0.411336	;263.901
115	;0.787601	;0.411336	;263.901
116	;0.787601	;0.411336	;263.901
117	;0.787601	;0.411336	;263.901
118	;0.787601	;0.411336	;263.901
119	;0.787601	;0.411336	;263.901
120	;0.787601	;0.411336	;263.901
121	;0.787601	;0.411336	;263.901
122	;0.787601	;0.411336	;263.901
123	;0.787601	;0.411336	;263.901
124	;0.787601	;0.411336	;263.901
125	;0.787601	;0.411336	;263.901
126	;0.787601	;0.411336	;263.901
127	;0.787601	;0.411336	;263.901
128	;0.787601	;0.411336	;263.901
129	;0.787601	;0.411336	;263.901
130	;0.787601	;0.411336	;263.901
131	;0.787601	;0.411336	;263.901
132	;0.787601	;0.411336	;263.901
133	;0.787601	;0.411336	;263.901
134	;0.787601	;0.411336	;263.901
135	;0.787601	;0.411336	;263.901
136	;0.787601	;0.411336	;263.901
137	;0.787601	;0.411336	;263.901
138	;0.787601	;0.411336	;263.901
139	;0.787601	;0.411336	;263.901
140	;0.787601	;0.411336	;263.901
141	;0.787601	;0.411336	;263.901
142	;0.787601	;0.411336	;263.901
143	;0.787601	;0.411336	;263.901
144	;0.787601	;0.411336	;263.901
145	;0.787601	;0.411336	;263.901
146	;0.787601	;0.411336	;263.901
147	;0.787601	;0.411336	;263.901
148	;0.787601	;0.411336	;263.901
149	;0.787601	;0.411336	;263.901
150	;0.787601	;0.411336	;263.901

1	;0.828008	;0.336033	;267.799
2	;0.796937	;0.419582	;267.366
3	;0.80723	;0.372641	;265.583
4	;0.803136	;0.371742	;264.335
5	;0.803136	;0.371742	;264.335
6	;0.797729	;0.384285	;264.06
7	;0.797729	;0.384285	;264.06
8	;0.79627	;0.388262	;264.045
9	;0.795953	;0.38809	;263.939
10	;0.795953	;0.38809	;263.939
11	;0.795953	;0.38809	;263.939
12	;0.795953	;0.38809	;263.939
13	;0.795953	;0.38809	;263.939
14	;0.795953	;0.38809	;263.939
15	;0.795953	;0.38809	;263.939
16	;0.795953	;0.38809	;263.939
17	;0.795953	;0.38809	;263.939
18	;0.795389	;0.389594	;263.929
19	;0.795389	;0.389594	;263.929
20	;0.795389	;0.389594	;263.929
21	;0.795389	;0.389594	;263.929
22	;0.795389	;0.389594	;263.929
23	;0.795389	;0.389594	;263.929
24	;0.795389	;0.389594	;263.929
25	;0.792151	;0.398615	;263.916
26	;0.792151	;0.398615	;263.916
27	;0.79317	;0.395725	;263.915
28	;0.79317	;0.395725	;263.915
29	;0.79317	;0.395725	;263.915
30	;0.79317	;0.395725	;263.915
31	;0.79317	;0.395725	;263.915
32	;0.79317	;0.395725	;263.915
33	;0.79317	;0.395725	;263.915
34	;0.79317	;0.395725	;263.915
35	;0.79317	;0.395725	;263.915
36	;0.79317	;0.395725	;263.915
37	;0.79317	;0.395725	;263.915
38	;0.79317	;0.395725	;263.915
39	;0.79317	;0.395725	;263.915
40	;0.79317	;0.395725	;263.915
41	;0.79317	;0.395725	;263.915
42	;0.79317	;0.395725	;263.915
43	;0.79317	;0.395725	;263.915
44	;0.79317	;0.395725	;263.915
45	;0.79317	;0.395725	;263.915
46	;0.79317	;0.395725	;263.915
47	;0.79317	;0.395725	;263.915
48	;0.79317	;0.395725	;263.915
49	;0.79317	;0.395725	;263.915
50	;0.79317	;0.395725	;263.915
51	;0.79317	;0.395725	;263.915
52	;0.79317	;0.395725	;263.915
53	;0.79317	;0.395725	;263.915
54	;0.79317	;0.395725	;263.915
55	;0.79317	;0.395725	;263.915
56	;0.79317	;0.395725	;263.915
57	;0.79317	;0.395725	;263.915
58	;0.79317	;0.395725	;263.915
59	;0.79317	;0.395725	;263.915
60	;0.79317	;0.395725	;263.915
61	;0.79317	;0.395725	;263.915
62	;0.79317	;0.395725	;263.915
63	;0.79317	;0.395725	;263.915
64	;0.792872	;0.396542	;263.912
65	;0.792872	;0.396542	;263.912
66	;0.792872	;0.396542	;263.912
67	;0.792872	;0.396542	;263.912
68	;0.792872	;0.396542	;263.912
69	;0.792872	;0.396542	;263.912
70	;0.792872	;0.396542	;263.912
71	;0.792872	;0.396542	;263.912
72	;0.792872	;0.396542	;263.912
73	;0.792872	;0.396542	;263.912
74	;0.792872	;0.396542	;263.912
75	;0.792872	;0.396542	;263.912
76	;0.792872	;0.396542	;263.912
77	;0.792872	;0.396542	;263.912
78	;0.792872	;0.396542	;263.912
79	;0.792872	;0.396542	;263.912
80	;0.792872	;0.396542	;263.912
81	;0.792872	;0.396542	;263.912
82	;0.792872	;0.396542	;263.912
83	;0.792872	;0.396542	;263.912
84	;0.792872	;0.396542	;263.912
85	;0.792872	;0.396542	;263.912
86	;0.792872	;0.396542	;263.912
87	;0.792872	;0.396542	;263.912
88	;0.792872	;0.396542	;263.912
89	;0.792872	;0.396542	;263.912
90	;0.792872	;0.396542	;263.912
91	;0.792872	;0.396542	;263.912
92	;0.792872	;0.396542	;263.912
93	;0.792872	;0.396542	;263.912
94	;0.792872	;0.396542	;263.912
95	;0.792872	;0.396542	;263.912
96	;0.792872	;0.396542	;263.912
97	;0.792872	;0.396542	;263.912
98	;0.792872	;0.396542	;263.912
99	;0.792872	;0.396542	;263.912
100	;0.792872	;0.396542	;263.912
101	;0.792872	;0.396542	;263.912
102	;0.792872	;0.396542	;263.912
103	;0.792872	;0.396542	;263.912
104	;0.792872	;0.396542	;263.912
105	;0.792872	;0.396542	;263.912
106	;0.792872	;0.396542	;263.912
107	;0.792872	;0.396542	;263.912
108	;0.792872	;0.396542	;263.912
109	;0.792872	;0.396542	;263.912
110	;0.792872	;0.396542	;263.912
111	;0.792872	;0.396542	;263.912
112	;0.792872	;0.396542	;263.912
113	;0.792872	;0.396542	;263.912
114	;0.792872	;0.396542	;263.912
115	;0.792872	;0.396542	;263.912
116	;0.792872	;0.396542	;263.912
117	;0.792872	;0.396542	;263.912
118	;0.792872	;0.396542	;263.912
119	;0.792872	;0.396542	;263.912
120	;0.792872	;0.396542	;263.912
121	;0.792872	;0.396542	;263.912
122	;0.792872	;0.396542	;263.912
123	;0.792872	;0.396542	;263.912
124	;0.792872	;0.396542	;263.912
125	;0.792872	;0.396542	;263.912
126	;0.792872	;0.396542	;263.912
127	;0.792872	;0.396542	;263.912
128	;0.792872	;0.396542	;263.912
129	;0.792872	;0.396542	;263.912
130	;0.792872	;0.396542	;263.912
131	;0.792872	;0.396542	;263.912
132	;0.792872	;0.396542	;263.912
133	;0.792872	;0.396542	;263.912
134	;0.792872	;0.396542	;263.912
135	;0.792872	;0.396542	;263.912
136	;0.792872	;0.396542	;263.912
137	;0.792872	;0.396542	;263.912
138	;0.792872	;0.396542	;263.912
139	;0.792872	;0.396542	;263.912
140	;0.792872	;0.396542	;263.912
141	;0.792872	;0.396542	;263.912
142	;0.792872	;0.396542	;263.912
143	;0.792872	;0.396542	;263.912
144	;0.792872	;0.396542	;263.912
145	;0.792872	;0.396542	;263.912
146	;0.790219	;0.403982	;263.906
147	;0.790219	;0.403982	;263.906
148	;0.790219	;0.403982	;263.906
149	;0.790219	;0.403982	;263.906
150	;0.790219	;0.403982	;263.906

1	;0.819605	;0.367192	;268.539
2	;0.772247	;0.475401	;265.965
3	;0.763169	;0.495005	;265.357
4	;0.763169	;0.495005	;265.357
5	;0.765952	;0.483258	;264.97
6	;0.76486	;0.484239	;264.759
7	;0.767154	;0.472919	;264.276
8	;0.788992	;0.409399	;264.101
9	;0.787861	;0.411086	;263.949
10	;0.787861	;0.411086	;263.949
11	;0.787861	;0.411086	;263.949
12	;0.787861	;0.411086	;263.949
13	;0.787861	;0.411086	;263.949
14	;0.787861	;0.411086	;263.949
15	;0.787861	;0.411086	;263.949
16	;0.787804	;0.411137	;263.938
17	;0.787816	;0.411022	;263.93
18	;0.787816	;0.411022	;263.93
19	;0.787795	;0.411001	;263.922
20	;0.787795	;0.411001	;263.922
21	;0.787795	;0.411001	;263.922
22	;0.787786	;0.411001	;263.92
23	;0.787786	;0.411001	;263.92
24	;0.787786	;0.411001	;263.92
25	;0.787784	;0.410958	;263.915
26	;0.787784	;0.410958	;263.915
27	;0.787788	;0.410831	;263.903
28	;0.787788	;0.410831	;263.903
29	;0.787786	;0.410825	;263.902
30	;0.787786	;0.410825	;263.902
31	;0.787786	;0.410825	;263.902
32	;0.787786	;0.410825	;263.902
33	;0.787786	;0.410825	;263.902
34	;0.787786	;0.410825	;263.902
35	;0.787775	;0.410846	;263.901
36	;0.787775	;0.410846	;263.901
37	;0.787775	;0.410846	;263.901
38	;0.787775	;0.410846	;263.901
39	;0.787775	;0.410846	;263.901
40	;0.787775	;0.410846	;263.901
41	;0.787775	;0.410846	;263.901
42	;0.787775	;0.410846	;263.901
43	;0.787775	;0.410846	;263.901
44	;0.787775	;0.410846	;263.901
45	;0.787775	;0.410846	;263.901
46	;0.787775	;0.410846	;263.901
47	;0.787775	;0.410846	;263.901
48	;0.787775	;0.410846	;263.901
49	;0.787775	;0.410846	;263.901
50	;0.787775	;0.410846	;263.901
51	;0.787792	;0.410794	;263.901
52	;0.787792	;0.410794	;263.901
53	;0.787792	;0.410794	;263.901
54	;0.787792	;0.410794	;263.901
55	;0.787792	;0.410794	;263.901
56	;0.787792	;0.410794	;263.901
57	;0.787792	;0.410794	;263.901
58	;0.787792	;0.410794	;263.901
59	;0.787792	;0.410794	;263.901
60	;0.787792	;0.410794	;263.901
61	;0.787792	;0.410794	;263.901
62	;0.787792	;0.410794	;263.901
63	;0.787792	;0.410794	;263.901
64	;0.787792	;0.410794	;263.901
65	;0.787792	;0.410794	;263.901
66	;0.787792	;0.410794	;263.901
67	;0.787792	;0.410794	;263.901
68	;0.787792	;0.410794	;263.901
69	;0.787792	;0.410794	;263.901
70	;0.787792	;0.410794	;263.901
71	;0.787792	;0.410794	;263.901
72	;0.787792	;0.410794	;263.901
73	;0.787792	;0.410794	;263.901
74	;0.787792	;0.410794	;263.901
75	;0.787792	;0.410794	;263.901
76	;0.787792	;0.410794	;263.901
77	;0.787792	;0.410794	;263.901
78	;0.787792	;0.410794	;263.901
79	;0.787792	;0.410794	;263.901
80	;0.787792	;0.410794	;263.901
81	;0.787792	;0.410794	;263.901
82	;0.787792	;0.410794	;263.901
83	;0.787768	;0.410828	;263.897
84	;0.787768	;0.410828	;263.897
85	;0.787768	;0.410828	;263.897
86	;0.787768	;0.410828	;263.897
87	;0.787768	;0.410828	;263.897
88	;0.787768	;0.410828	;263.897
89	;0.787768	;0.410828	;263.897
90	;0.787768	;0.410828	;263.897
91	;0.787768	;0.410828	;263.897
92	;0.787768	;0.410828	;263.897
93	;0.787768	;0.410828	;263.897
94	;0.787768	;0.410828	;263.897
95	;0.787768	;0.410828	;263.897
96	;0.787768	;0.410828	;263.897
97	;0.787768	;0.410828	;263.897
98	;0.787768	;0.410828	;263.897
99	;0.787768	;0.410828	;263.897
100	;0.787768	;0.410828	;263.897
101	;0.787768	;0.410828	;263.897
102	;0.787768	;0.410828	;263.897
103	;0.787768	;0.410828	;263.897
104	;0.787768	;0.410828	;263.897
105	;0.787768	;0.410828	;263.897
106	;0.787768	;0.410828	;263.897
107	;0.787768	;0.410828	;263.897
108	;0.787768	;0.410828	;263.897
109	;0.787768	;0.410828	;263.897
110	;0.787768	;0.410828	;263.897
111	;0.787768	;0.410828	;263.897
112	;0.787768	;0.410828	;263.897
113	;0.787768	;0.410828	;263.897
114	;0.787768	;0.410828	;263.897
115	;0.787768	;0.410828	;263.897
116	;0.787768	;0.410828	;263.897
117	;0.787768	;0.410828	;263.897
118	;0.787768	;0.410828	;263.897
119	;0.787768	;0.410828	;263.897
120	;0.787768	;0.410828	;263.897
121	;0.787768	;0.410828	;263.897
122	;0.787768	;0.410828	;263.897
123	;0.787768	;0.410828	;263.897
124	;0.787768	;0.410828	;263.897
125	;0.787768	;0.410828	;263.897
126	;0.787768	;0.410828	;263.897
127	;0.787768	;0.410828	;263.897
128	;0.787768	;0.410828	;263.897
129	;0.787768	;0.410828	;263.897
130	;0.787768	;0.410828	;263.897
131	;0.787768	;0.410828	;263.897
132	;0.787768	;0.410828	;263.897
133	;0.787768	;0.410828	;263.897
134	;0.787768	;0.410828	;263.897
135	;0.787768	;0.410828	;263.897
136	;0.787768	;0.410828	;263.897
137	;0.787768	;0.410828	;263.897
138	;0.787768	;0.410828	;263.897
139	;0.787768	;0.410828	;263.897
140	;0.787768	;0.410828	;263.897
141	;0.787768	;0.410828	;263.897
142	;0.787768	;0.410828	;263.897
143	;0.787768	;0.410828	;263.897
144	;0.787768	;0.410828	;263.897
145	;0.787768	;0.410828	;263.897
146	;0.787768	;0.410828	;263.897
147	;0.787768	;0.410828	;263.897
148	;0.787768	;0.410828	;263.897
149	;0.787768	;0.410828	;263.897
150	;0.787768	;0.410828	;263.897

1	;0.749848	;0.55045	;267.134
2	;0.749848	;0.55045	;267.134
3	;0.749848	;0.55045	;267.134
4	;0.757577	;0.510622	;265.337
5	;0.757577	;0.510622	;265.337
6	;0.757577	;0.510622	;265.337
7	;0.757577	;0.510622	;265.337
8	;0.768119	;0.475892	;264.846
9	;0.785823	;0.417697	;264.034
10	;0.785823	;0.417697	;264.034
11	;0.785823	;0.417697	;264.034
12	;0.785823	;0.417697	;264.034
13	;0.785969	;0.416358	;263.941
14	;0.785969	;0.416358	;263.941
15	;0.785962	;0.416121	;263.916
16	;0.788814	;0.408016	;263.912
17	;0.788814	;0.408016	;263.912
18	;0.788814	;0.408016	;263.912
19	;0.788814	;0.408016	;263.912
20	;0.788814	;0.408016	;263.912
21	;0.788814	;0.408016	;263.912
22	;0.788814	;0.408016	;263.912
23	;0.788814	;0.408016	;263.912
24	;0.788814	;0.408016	;263.912
25	;0.788814	;0.408016	;263.912
26	;0.788814	;0.408016	;263.912
27	;0.788814	;0.408016	;263.912
28	;0.788814	;0.408016	;263.912
29	;0.788814	;0.408016	;263.912
30	;0.788814	;0.408016	;263.912
31	;0.788814	;0.408016	;263.912
32	;0.788778	;0.408111	;263.911
33	;0.788801	;0.407983	;263.905
34	;0.788801	;0.407983	;263.905
35	;0.788801	;0.407983	;263.905
36	;0.788801	;0.407983	;263.905
37	;0.788802	;0.407962	;263.903
38	;0.788802	;0.407962	;263.903
39	;0.788802	;0.407962	;263.903
40	;0.788802	;0.407962	;263.903
41	;0.788802	;0.407962	;263.903
42	;0.788802	;0.407962	;263.903
43	;0.788802	;0.407962	;263.903
44	;0.788802	;0.407962	;263.903
45	;0.788802	;0.407962	;263.903
46	;0.788729	;0.408137	;263.9
47	;0.788729	;0.408137	;263.9
48	;0.788729	;0.408137	;263.9
49	;0.788729	;0.408137	;263.9
50	;0.788729	;0.408137	;263.9
51	;0.788729	;0.408137	;263.9
52	;0.788729	;0.408137	;263.9
53	;0.788729	;0.408137	;263.9
54	;0.788729	;0.408137	;263.9
55	;0.788729	;0.408137	;263.9
56	;0.788729	;0.408137	;263.9
57	;0.788729	;0.408137	;263.9
58	;0.788729	;0.408137	;263.9
59	;0.788729	;0.408137	;263.9
60	;0.788729	;0.408137	;263.9
61	;0.788706	;0.408188	;263.899
62	;0.788706	;0.408188	;263.899
63	;0.788706	;0.408188	;263.899
64	;0.788706	;0.408188	;263.899
65	;0.788706	;0.408188	;263.899
66	;0.788706	;0.408188	;263.899
67	;0.788706	;0.408188	;263.899
68	;0.788706	;0.408188	;263.899
69	;0.788706	;0.408188	;263.899
70	;0.788706	;0.408188	;263.899
71	;0.788706	;0.408188	;263.899
72	;0.788706	;0.408188	;263.899
73	;0.78866	;0.40829	;263.896
74	;0.78866	;0.40829	;263.896
75	;0.78866	;0.40829	;263.896
76	;0.78866	;0.40829	;263.896
77	;0.78866	;0.40829	;263.896
78	;0.78866	;0.40829	;263.896
79	;0.78866	;0.40829	;263.896
80	;0.78866	;0.40829	;263.896
81	;0.78866	;0.40829	;263.896
82	;0.78866	;0.40829	;263.896
83	;0.78866	;0.40829	;263.896
84	;0.78866	;0.40829	;263.896
85	;0.78866	;0.40829	;263.896
86	;0.78866	;0.40829	;263.896
87	;0.78866	;0.40829	;263.896
88	;0.78866	;0.40829	;263.896
89	;0.78866	;0.40829	;263.896
90	;0.78866	;0.40829	;263.896
91	;0.78866	;0.40829	;263.896
92	;0.78866	;0.40829	;263.896
93	;0.78866	;0.40829	;263.896
94	;0.78866	;0.40829	;263.896
95	;0.78866	;0.40829	;263.896
96	;0.78866	;0.40829	;263.896
97	;0.78866	;0.40829	;263.896
98	;0.78866	;0.40829	;263.896
99	;0.78866	;0.40829	;263.896
100	;0.78866	;0.40829	;263.896
101	;0.78866	;0.40829	;263.896
102	;0.78866	;0.40829	;263.896
103	;0.78866	;0.40829	;263.896
104	;0.78866	;0.40829	;263.896
105	;0.78866	;0.40829	;263.896
106	;0.78866	;0.40829	;263.896
107	;0.78866	;0.40829	;263.896
108	;0.78866	;0.40829	;263.896
109	;0.78866	;0.40829	;263.896
110	;0.78866	;0.40829	;263.896
111	;0.78866	;0.40829	;263.896
112	;0.78866	;0.40829	;263.896
113	;0.78866	;0.40829	;263.896
114	;0.78866	;0.40829	;263.896
115	;0.78866	;0.40829	;263.896
116	;0.78866	;0.40829	;263.896
117	;0.78866	;0.40829	;263.896
118	;0.78866	;0.40829	;263.896
119	;0.78866	;0.40829	;263.896
120	;0.78866	;0.40829	;263.896
121	;0.78866	;0.40829	;263.896
122	;0.78866	;0.40829	;263.896
123	;0.78866	;0.40829	;263.896
124	;0.78866	;0.40829	;263.896
125	;0.78866	;0.40829	;263.896
126	;0.78866	;0.40829	;263.896
127	;0.78866	;0.40829	;263.896
128	;0.78866	;0.40829	;263.896
129	;0.78866	;0.40829	;263.896
130	;0.78866	;0.40829	;263.896
131	;0.78866	;0.40829	;263.896
132	;0.78866	;0.40829	;263.896
133	;0.78866	;0.40829	;263.896
134	;0.78866	;0.40829	;263.896
135	;0.78866	;0.40829	;263.896
136	;0.78866	;0.40829	;263.896
137	;0.78866	;0.40829	;263.896
138	;0.78866	;0.40829	;263.896
139	;0.78866	;0.40829	;263.896
140	;0.78866	;0.40829	;263.896
141	;0.78866	;0.40829	;263.896
142	;0.78866	;0.40829	;263.896
143	;0.78866	;0.40829	;263.896
144	;0.78866	;0.40829	;263.896
145	;0.78866	;0.40829	;263.896
146	;0.78866	;0.40829	;263.896
147	;0.78866	;0.40829	;263.896
148	;0.78866	;0.40829	;263.896
149	;0.78866	;0.40829	;263.896
150	;0.78866	;0.40829	;263.896

1	;0.866956	;0.266161	;271.828
2	;0.860933	;0.261086	;269.617
3	;0.86007	;0.26239	;269.504
4	;0.842589	;0.274205	;265.741
5	;0.838534	;0.283031	;265.476
6	;0.838534	;0.283031	;265.476
7	;0.838534	;0.283031	;265.476
8	;0.838534	;0.283031	;265.476
9	;0.811082	;0.357161	;265.125
10	;0.802353	;0.380093	;264.949
11	;0.804068	;0.366568	;264.082
12	;0.804068	;0.366568	;264.082
13	;0.804051	;0.366511	;264.071
14	;0.804051	;0.366511	;264.071
15	;0.804051	;0.366511	;264.071
16	;0.78584	;0.417363	;264.005
17	;0.78584	;0.417363	;264.005
18	;0.78584	;0.417363	;264.005
19	;0.78584	;0.417363	;264.005
20	;0.78584	;0.417363	;264.005
21	;0.78584	;0.417363	;264.005
22	;0.795154	;0.390659	;263.969
23	;0.795154	;0.390659	;263.969
24	;0.795154	;0.390659	;263.969
25	;0.795154	;0.390659	;263.969
26	;0.794252	;0.392934	;263.942
27	;0.794252	;0.392934	;263.942
28	;0.794252	;0.392934	;263.942
29	;0.794252	;0.392934	;263.942
30	;0.795286	;0.389906	;263.931
31	;0.795286	;0.389906	;263.931
32	;0.795286	;0.389906	;263.931
33	;0.795286	;0.389906	;263.931
34	;0.795286	;0.389906	;263.931
35	;0.795286	;0.389906	;263.931
36	;0.794989	;0.390683	;263.925
37	;0.794989	;0.390683	;263.925
38	;0.794989	;0.390683	;263.925
39	;0.794989	;0.390683	;263.925
40	;0.794989	;0.390683	;263.925
41	;0.794989	;0.390683	;263.925
42	;0.794989	;0.390683	;263.925
43	;0.794989	;0.390683	;263.925
44	;0.794989	;0.390683	;263.925
45	;0.794989	;0.390683	;263.925
46	;0.794421	;0.392255	;263.922
47	;0.78973	;0.405478	;263.917
48	;0.78973	;0.405478	;263.917
49	;0.78973	;0.405478	;263.917
50	;0.789676	;0.405467	;263.901
51	;0.789676	;0.405467	;263.901
52	;0.789676	;0.405467	;263.901
53	;0.789676	;0.405467	;263.901
54	;0.789676	;0.405467	;263.901
55	;0.789676	;0.405467	;263.901
56	;0.789676	;0.405467	;263.901
57	;0.789676	;0.405467	;263.901
58	;0.789676	;0.405467	;263.901
59	;0.789676	;0.405467	;263.901
60	;0.789676	;0.405467	;263.901
61	;0.789676	;0.405467	;263.901
62	;0.789676	;0.405467	;263.901
63	;0.789676	;0.405467	;263.901
64	;0.789676	;0.405467	;263.901
65	;0.789676	;0.405467	;263.901
66	;0.789676	;0.405467	;263.901
67	;0.789676	;0.405467	;263.901
68	;0.789676	;0.405467	;263.901
69	;0.789676	;0.405467	;263.901
70	;0.789676	;0.405467	;263.901
71	;0.789676	;0.405467	;263.901
72	;0.789491	;0.405985	;263.9
73	;0.789491	;0.405985	;263.9
74	;0.789491	;0.405985	;263.9
75	;0.789491	;0.405985	;263.9
76	;0.789491	;0.405985	;263.9
77	;0.789491	;0.405985	;263.9
78	;0.789491	;0.405985	;263.9
79	;0.789491	;0.405985	;263.9
80	;0.789491	;0.405985	;263.9
81	;0.789491	;0.405985	;263.9
82	;0.789491	;0.405985	;263.9
83	;0.789491	;0.405985	;263.9
84	;0.789491	;0.405985	;263.9
85	;0.789491	;0.405985	;263.9
86	;0.789491	;0.405985	;263.9
87	;0.789491	;0.405985	;263.9
88	;0.789491	;0.405985	;263.9
89	;0.789491	;0.405985	;263.9
90	;0.789491	;0.405985	;263.9
91	;0.789491	;0.405985	;263.9
92	;0.789491	;0.405985	;263.9
93	;0.789491	;0.405985	;263.9
94	;0.789491	;0.405985	;263.9
95	;0.789491	;0.405985	;263.9
96	;0.789491	;0.405985	;263.9
97	;0.789491	;0.405985	;263.9
98	;0.789491	;0.405985	;263.9
99	;0.789491	;0.405985	;263.9
100	;0.789491	;0.405985	;263.9
101	;0.789491	;0.405985	;263.9
102	;0.789491	;0.405985	;263.9
103	;0.789491	;0.405985	;263.9
104	;0.789491	;0.405985	;263.9
105	;0.789491	;0.405985	;263.9
106	;0.789491	;0.405985	;263.9
107	;0.789491	;0.405985	;263.9
108	;0.789491	;0.405985	;263.9
109	;0.789491	;0.405985	;263.9
110	;0.789491	;0.405985	;263.9
111	;0.789491	;0.405985	;263.9
112	;0.789491	;0.405985	;263.9
113	;0.789491	;0.405985	;263.9
114	;0.789491	;0.405985	;263.9
115	;0.789491	;0.405985	;263.9
116	;0.789491	;0.405985	;263.9
117	;0.789491	;0.405985	;263.9
118	;0.789491	;0.405985	;263.9
119	;0.789491	;0.405985	;263.9
120	;0.789491	;0.405985	;263.9
121	;0.789491	;0.405985	;263.9
122	;0.789491	;0.405985	;263.9
123	;0.789491	;0.405985	;263.9
124	;0.789491	;0.405985	;263.9
125	;0.789491	;0.405985	;263.9
126	;0.789491	;0.405985	;263.9
127	;0.789491	;0.405985	;263.9
128	;0.789491	;0.405985	;263.9
129	;0.789491	;0.405985	;263.9
130	;0.789491	;0.405985	;263.9
131	;0.789491	;0.405985	;263.9
132	;0.789491	;0.405985	;263.9
133	;0.789491	;0.405985	;263.9
134	;0.78945	;0.406088	;263.899
135	;0.78945	;0.406088	;263.899
136	;0.78945	;0.406088	;263.899
137	;0.78945	;0.406088	;263.899
138	;0.78945	;0.406088	;263.899
139	;0.78945	;0.406088	;263.899
140	;0.78945	;0.406088	;263.899
141	;0.78945	;0.406088	;263.899
142	;0.78945	;0.406088	;263.899
143	;0.78945	;0.406088	;263.899
144	;0.78945	;0.406088	;263.899
145	;0.78945	;0.406088	;263.899
146	;0.790218	;0.403909	;263.898
147	;0.790218	;0.403909	;263.898
148	;0.790218	;0.403909	;263.898
149	;0.790218	;0.403909	;263.898
150	;0.790218	;0.403909	;263.898

1	;0.85498	;0.247208	;266.546
2	;0.85498	;0.247208	;266.546
3	;0.765971	;0.490691	;265.718
4	;0.781291	;0.436037	;264.586
5	;0.781291	;0.436037	;264.586
6	;0.781291	;0.436037	;264.586
7	;0.781291	;0.436037	;264.586
8	;0.781291	;0.436037	;264.586
9	;0.781291	;0.436037	;264.586
10	;0.781291	;0.436037	;264.586
11	;0.781291	;0.436037	;264.586
12	;0.780091	;0.437377	;264.381
13	;0.780091	;0.437377	;264.381
14	;0.779974	;0.434167	;264.027
15	;0.779974	;0.434167	;264.027
16	;0.779974	;0.434167	;264.027
17	;0.779974	;0.434167	;264.027
18	;0.779974	;0.434167	;264.027
19	;0.77999	;0.433798	;263.994
20	;0.77999	;0.433798	;263.994
21	;0.77999	;0.433798	;263.994
22	;0.77999	;0.433798	;263.994
23	;0.77999	;0.433798	;263.994
24	;0.77999	;0.433798	;263.994
25	;0.77999	;0.433798	;263.994
26	;0.780414	;0.432332	;263.968
27	;0.780414	;0.432332	;263.968
28	;0.780414	;0.432332	;263.968
29	;0.780826	;0.43106	;263.957
30	;0.780636	;0.43155	;263.952
31	;0.780636	;0.43155	;263.952
32	;0.780636	;0.43155	;263.952
33	;0.780636	;0.43155	;263.952
34	;0.780636	;0.43155	;263.952
35	;0.780636	;0.43155	;263.952
36	;0.780636	;0.43155	;263.952
37	;0.780636	;0.43155	;263.952
38	;0.780636	;0.43155	;263.952
39	;0.780636	;0.43155	;263.952
40	;0.780636	;0.43155	;263.952
41	;0.780636	;0.43155	;263.952
42	;0.780636	;0.43155	;263.952
43	;0.784623	;0.419964	;263.921
44	;0.784623	;0.419964	;263.921
45	;0.784623	;0.419964	;263.921
46	;0.784623	;0.419964	;263.921
47	;0.784623	;0.419964	;263.921
48	;0.784933	;0.419021	;263.915
49	;0.784933	;0.419021	;263.915
50	;0.784933	;0.419021	;263.915
51	;0.784933	;0.419021	;263.915
52	;0.784933	;0.419021	;263.915
53	;0.784933	;0.419021	;263.915
54	;0.784933	;0.419021	;263.915
55	;0.784933	;0.419021	;263.915
56	;0.784933	;0.419021	;263.915
57	;0.784933	;0.419021	;263.915
58	;0.784933	;0.419021	;263.915
59	;0.784933	;0.419021	;263.915
60	;0.784933	;0.419021	;263.915
61	;0.784933	;0.419021	;263.915
62	;0.784933	;0.419021	;263.915
63	;0.784933	;0.419021	;263.915
64	;0.784933	;0.419021	;263.915
65	;0.784933	;0.419021	;263.915
66	;0.784933	;0.419021	;263.915
67	;0.784933	;0.419021	;263.915
68	;0.784933	;0.419021	;263.915
69	;0.784933	;0.419021	;263.915
70	;0.784933	;0.419021	;263.915
71	;0.784933	;0.419021	;263.915
72	;0.784933	;0.419021	;263.915
73	;0.784933	;0.419021	;263.915
74	;0.784933	;0.419021	;263.915
75	;0.784933	;0.419021	;263.915
76	;0.784933	;0.419021	;263.915
77	;0.784933	;0.419021	;263.915
78	;0.784933	;0.419021	;263.915
79	;0.784933	;0.419021	;263.915
80	;0.784933	;0.419021	;263.915
81	;0.784933	;0.419021	;263.915
82	;0.784933	;0.419021	;263.915
83	;0.784933	;0.419021	;263.915
84	;0.784933	;0.419021	;263.915
85	;0.784933	;0.419021	;263.915
86	;0.784933	;0.419021	;263.915
87	;0.784933	;0.419021	;263.915
88	;0.784933	;0.419021	;263.915
89	;0.784933	;0.419021	;263.915
90	;0.784933	;0.419021	;263.915
91	;0.784933	;0.419021	;263.915
92	;0.784933	;0.419021	;263.915
93	;0.784933	;0.419021	;263.915
94	;0.784933	;0.419021	;263.915
95	;0.784933	;0.419021	;263.915
96	;0.784933	;0.419021	;263.915
97	;0.784677	;0.419684	;263.909
98	;0.784677	;0.419684	;263.909
99	;0.784677	;0.419684	;263.909
100	;0.784677	;0.419684	;263.909
101	;0.784677	;0.419684	;263.909
102	;0.784677	;0.419684	;263.909
103	;0.784677	;0.419684	;263.909
104	;0.784677	;0.419684	;263.909
105	;0.784677	;0.419684	;263.909
106	;0.784677	;0.419684	;263.909
107	;0.785503	;0.417334	;263.907
108	;0.785503	;0.417334	;263.907
109	;0.785503	;0.417334	;263.907
110	;0.785503	;0.417334	;263.907
111	;0.785503	;0.417334	;263.907
112	;0.785503	;0.417334	;263.907
113	;0.785503	;0.417334	;263.907
114	;0.785503	;0.417334	;263.907
115	;0.785503	;0.417334	;263.907
116	;0.785503	;0.417334	;263.907
117	;0.785503	;0.417334	;263.907
118	;0.785503	;0.417334	;263.907
119	;0.785503	;0.417334	;263.907
120	;0.785503	;0.417334	;263.907
121	;0.785503	;0.417334	;263.907
122	;0.788293	;0.409354	;263.898
123	;0.788293	;0.409354	;263.898
124	;0.788293	;0.409354	;263.898
125	;0.788293	;0.409354	;263.898
126	;0.788293	;0.409354	;263.898
127	;0.788293	;0.409354	;263.898
128	;0.788293	;0.409354	;263.898
129	;0.788293	;0.409354	;263.898
130	;0.788293	;0.409354	;263.898
131	;0.788293	;0.409354	;263.898
132	;0.788293	;0.409354	;263.898
133	;0.788293	;0.409354	;263.898
134	;0.788293	;0.409354	;263.898
135	;0.788293	;0.409354	;263.898
136	;0.788293	;0.409354	;263.898
137	;0.788293	;0.409354	;263.898
138	;0.788293	;0.409354	;263.898
139	;0.788293	;0.409354	;263.898
140	;0.788293	;0.409354	;263.898
141	;0.788293	;0.409354	;263.898
142	;0.788293	;0.409354	;263.898
143	;0.788293	;0.409354	;263.898
144	;0.788293	;0.409354	;263.898
145	;0.788293	;0.409354	;263.898
146	;0.788293	;0.409354	;263.898
147	;0.788293	;0.409354	;263.898
148	;0.788293	;0.409354	;263.898
149	;0.788293	;0.409354	;263.898
150	;0.788293	;0.409354	;263.898

1	;0.760022	;0.539981	;268.965
2	;0.773071	;0.485734	;267.231
3	;0.773071	;0.485734	;267.231
4	;0.830461	;0.307549	;265.645
5	;0.830461	;0.307549	;265.645
6	;0.830461	;0.307549	;265.645
7	;0.832769	;0.30012	;265.555
8	;0.820803	;0.324798	;264.638
9	;0.811872	;0.349534	;264.586
10	;0.811872	;0.349534	;264.586
11	;0.811872	;0.349534	;264.586
12	;0.809856	;0.352381	;264.3
13	;0.779201	;0.437068	;264.098
14	;0.779201	;0.437068	;264.098
15	;0.779201	;0.437068	;264.098
16	;0.779201	;0.437068	;264.098
17	;0.797333	;0.385069	;264.027
18	;0.797333	;0.385069	;264.027
19	;0.798724	;0.381094	;264.023
20	;0.798724	;0.381094	;264.023
21	;0.798724	;0.381094	;264.023
22	;0.798724	;0.381094	;264.023
23	;0.79861	;0.38132	;264.013
24	;0.798503	;0.38136	;263.987
25	;0.798503	;0.38136	;263.987
26	;0.798407	;0.381397	;263.963
27	;0.798407	;0.381397	;263.963
28	;0.798407	;0.381397	;263.963
29	;0.798407	;0.381397	;263.963
30	;0.798407	;0.381397	;263.963
31	;0.798407	;0.381397	;263.963
32	;0.798407	;0.381397	;263.963
33	;0.798407	;0.381397	;263.963
34	;0.798407	;0.381397	;263.963
35	;0.798407	;0.381397	;263.963
36	;0.798407	;0.381397	;263.963
37	;0.798407	;0.381397	;263.963
38	;0.798407	;0.381397	;263.963
39	;0.798407	;0.381397	;263.963
40	;0.798407	;0.381397	;263.963
41	;0.798407	;0.381397	;263.963
42	;0.798407	;0.381397	;263.963
43	;0.798407	;0.381397	;263.963
44	;0.798407	;0.381397	;263.963
45	;0.798407	;0.381397	;263.963
46	;0.798407	;0.381397	;263.963
47	;0.790965	;0.402349	;263.954
48	;0.790965	;0.402349	;263.954
49	;0.790876	;0.402446	;263.938
50	;0.790876	;0.402446	;263.938
51	;0.790876	;0.402446	;263.938
52	;0.790876	;0.402446	;263.938
53	;0.790899	;0.402224	;263.922
54	;0.790889	;0.402206	;263.918
55	;0.790847	;0.402203	;263.906
56	;0.790847	;0.402203	;263.906
57	;0.790847	;0.402203	;263.906
58	;0.790847	;0.402203	;263.906
59	;0.790847	;0.402203	;263.906
60	;0.791092	;0.401464	;263.901
61	;0.791092	;0.401464	;263.901
62	;0.791092	;0.401464	;263.901
63	;0.791092	;0.401464	;263.901
64	;0.791092	;0.401464	;263.901
65	;0.791092	;0.401464	;263.901
66	;0.791092	;0.401464	;263.901
67	;0.791092	;0.401464	;263.901
68	;0.791092	;0.401464	;263.901
69	;0.791092	;0.401464	;263.901
70	;0.791092	;0.401464	;263.901
71	;0.791092	;0.401464	;263.901
72	;0.791092	;0.401464	;263.901
73	;0.791092	;0.401464	;263.901
74	;0.791092	;0.401464	;263.901
75	;0.791092	;0.401464	;263.901
76	;0.79109	;0.401465	;263.9
77	;0.79109	;0.401465	;263.9
78	;0.79109	;0.401465	;263.9
79	;0.79109	;0.401465	;263.9
80	;0.79109	;0.401465	;263.9
81	;0.79109	;0.401465	;263.9
82	;0.79109	;0.401465	;263.9
83	;0.79109	;0.401465	;263.9
84	;0.79109	;0.401465	;263.9
85	;0.79109	;0.401465	;263.9
86	;0.79109	;0.401465	;263.9
87	;0.79109	;0.401465	;263.9
88	;0.79109	;0.401465	;263.9
89	;0.79109	;0.401465	;263.9
90	;0.79109	;0.401465	;263.9
91	;0.79109	;0.401465	;263.9
92	;0.79109	;0.401465	;263.9
93	;0.79109	;0.401465	;263.9
94	;0.79109	;0.401463	;263.9
95	;0.79109	;0.401463	;263.9
96	;0.79109	;0.401463	;263.9
97	;0.79109	;0.401463	;263.9
98	;0.79109	;0.401463	;263.9
99	;0.79109	;0.401463	;263.9
100	;0.79109	;0.401463	;263.9
101	;0.79109	;0.401463	;263.9
102	;0.79109	;0.401463	;263.9
103	;0.79109	;0.401463	;263.9
104	;0.79109	;0.401463	;263.9
105	;0.79109	;0.401463	;263.9
106	;0.79109	;0.401463	;263.9
107	;0.79109	;0.401463	;263.9
108	;0.79109	;0.401463	;263.9
109	;0.79109	;0.401463	;263.9
110	;0.79109	;0.401463	;263.9
111	;0.79109	;0.401463	;263.9
112	;0.79109	;0.401463	;263.9
113	;0.79109	;0.401463	;263.9
114	;0.79109	;0.401463	;263.9
115	;0.79109	;0.401463	;263.9
116	;0.79109	;0.401463	;263.9
117	;0.79109	;0.401463	;263.9
118	;0.79109	;0.401463	;263.9
119	;0.79109	;0.401463	;263.9
120	;0.79109	;0.401463	;263.9
121	;0.79109	;0.401463	;263.9
122	;0.79109	;0.401463	;263.9
123	;0.79109	;0.401463	;263.9
124	;0.79109	;0.401463	;263.9
125	;0.79109	;0.401463	;263.9
126	;0.79109	;0.401463	;263.9
127	;0.79109	;0.401463	;263.9
128	;0.79109	;0.401463	;263.9
129	;0.79109	;0.401463	;263.9
130	;0.79109	;0.401463	;263.9
131	;0.79109	;0.401463	;263.9
132	;0.79109	;0.401463	;263.9
133	;0.79109	;0.401463	;263.9
134	;0.79109	;0.401463	;263.9
135	;0.79109	;0.401463	;263.9
136	;0.79109	;0.401463	;263.9
137	;0.79109	;0.401463	;263.9
138	;0.79109	;0.401463	;263.9
139	;0.79109	;0.401463	;263.9
140	;0.79109	;0.401463	;263.9
141	;0.79109	;0.401463	;263.9
142	;0.79109	;0.401463	;263.9
143	;0.79109	;0.401463	;263.9
144	;0.79109	;0.401463	;263.9
145	;0.79109	;0.401463	;263.9
146	;0.79109	;0.401463	;263.9
147	;0.79109	;0.401463	;263.9
148	;0.79109	;0.401463	;263.9
149	;0.79109	;0.401463	;263.9
150	;0.79109	;0.401463	;263.9

1	;0.758003	;0.513273	;265.723
2	;0.758003	;0.513273	;265.723
3	;0.758003	;0.513273	;265.723
4	;0.758003	;0.513273	;265.723
5	;0.766665	;0.478001	;264.646
6	;0.766665	;0.478001	;264.646
7	;0.769516	;0.467966	;264.449
8	;0.769516	;0.467966	;264.449
9	;0.769516	;0.467966	;264.449
10	;0.769516	;0.467966	;264.449
11	;0.788059	;0.410916	;263.988
12	;0.788059	;0.410916	;263.988
13	;0.788059	;0.410916	;263.988
14	;0.788059	;0.410916	;263.988
15	;0.788059	;0.410916	;263.988
16	;0.788059	;0.410916	;263.988
17	;0.788059	;0.410916	;263.988
18	;0.788059	;0.410916	;263.988
19	;0.788059	;0.410916	;263.988
20	;0.788504	;0.409599	;263.983
21	;0.788504	;0.409599	;263.983
22	;0.788504	;0.409599	;263.983
23	;0.788504	;0.409599	;263.983
24	;0.788504	;0.409599	;263.983
25	;0.788504	;0.409599	;263.983
26	;0.788616	;0.40861	;263.915
27	;0.788616	;0.40861	;263.915
28	;0.788616	;0.40861	;263.915
29	;0.788616	;0.40861	;263.915
30	;0.788616	;0.40861	;263.915
31	;0.788616	;0.40861	;263.915
32	;0.788616	;0.40861	;263.915
33	;0.788616	;0.40861	;263.915
34	;0.788616	;0.40861	;263.915
35	;0.788616	;0.40861	;263.915
36	;0.788616	;0.40861	;263.915
37	;0.788616	;0.40861	;263.915
38	;0.788616	;0.40861	;263.915
39	;0.788616	;0.40861	;263.915
40	;0.788616	;0.40861	;263.915
41	;0.788616	;0.40861	;263.915
42	;0.788616	;0.40861	;263.915
43	;0.788616	;0.40861	;263.915
44	;0.788616	;0.40861	;263.915
45	;0.788616	;0.40861	;263.915
46	;0.788616	;0.40861	;263.915
47	;0.788616	;0.40861	;263.915
48	;0.788616	;0.40861	;263.915
49	;0.788616	;0.40861	;263.915
50	;0.78814	;0.409782	;263.898
51	;0.78814	;0.409782	;263.898
52	;0.78814	;0.409782	;263.898
53	;0.78814	;0.409782	;263.898
54	;0.78814	;0.409782	;263.898
55	;0.78814	;0.409782	;263.898
56	;0.78814	;0.409782	;263.898
57	;0.78814	;0.409782	;263.898
58	;0.78814	;0.409782	;263.898
59	;0.78814	;0.409782	;263.898
60	;0.78814	;0.409782	;263.898
61	;0.78814	;0.409782	;263.898
62	;0.78814	;0.409782	;263.898
63	;0.78814	;0.409782	;263.898
64	;0.78814	;0.409782	;263.898
65	;0.78814	;0.409782	;263.898
66	;0.78814	;0.409782	;263.898
67	;0.78814	;0.409782	;263.898
68	;0.78814	;0.409782	;263.898
69	;0.78814	;0.409782	;263.898
70	;0.78814	;0.409782	;263.898
71	;0.78814	;0.409782	;263.898
72	;0.78814	;0.409782	;263.898
73	;0.78814	;0.409782	;263.898
74	;0.78814	;0.409782	;263.898
75	;0.78814	;0.409782	;263.898
76	;0.78814	;0.409782	;263.898
77	;0.78814	;0.409782	;263.898
78	;0.78814	;0.409782	;263.898
79	;0.78814	;0.409782	;263.898
80	;0.78814	;0.409782	;263.898
81	;0.78814	;0.409782	;263.898
82	;0.78814	;0.409782	;263.898
83	;0.78814	;0.409782	;263.898
84	;0.78814	;0.409782	;263.898
85	;0.78814	;0.409782	;263.898
86	;0.78814	;0.409782	;263.898
87	;0.78814	;0.409782	;263.898
88	;0.78814	;0.409782	;263.898
89	;0.78814	;0.409782	;263.898
90	;0.78814	;0.409782	;263.898
91	;0.78814	;0.409782	;263.898
92	;0.78814	;0.409782	;263.898
93	;0.78814	;0.409782	;263.898
94	;0.78814	;0.409782	;263.898
95	;0.78814	;0.409782	;263.898
96	;0.78814	;0.409782	;263.898
97	;0.78814	;0.409782	;263.898
98	;0.78814	;0.409782	;263.898
99	;0.78814	;0.409782	;263.898
100	;0.78814	;0.409782	;263.898
101	;0.78814	;0.409782	;263.898
102	;0.78814	;0.409782	;263.898
103	;0.78814	;0.409782	;263.898
104	;0.78814	;0.409782	;263.898
105	;0.78814	;0.409782	;263.898
106	;0.78814	;0.409782	;263.898
107	;0.78814	;0.409782	;263.898
108	;0.78814	;0.409782	;263.898
109	;0.78814	;0.409782	;263.898
110	;0.78814	;0.409782	;263.898
111	;0.78814	;0.409782	;263.898
112	;0.78814	;0.409782	;263.898
113	;0.78814	;0.409782	;263.898
114	;0.78814	;0.409782	;263.898
115	;0.78814	;0.409782	;263.898
116	;0.78814	;0.409782	;263.898
117	;0.78814	;0.409782	;263.898
118	;0.78814	;0.409782	;263.898
119	;0.78814	;0.409782	;263.898
120	;0.78814	;0.409782	;263.898
121	;0.78814	;0.409782	;263.898
122	;0.78814	;0.409782	;263.898
123	;0.78814	;0.409782	;263.898
124	;0.78814	;0.409782	;263.898
125	;0.78814	;0.409782	;263.898
126	;0.78814	;0.409782	;263.898
127	;0.78814	;0.409782	;263.898
128	;0.78814	;0.409782	;263.898
129	;0.78814	;0.409782	;263.898
130	;0.78814	;0.409782	;263.898
131	;0.78814	;0.409782	;263.898
132	;0.78814	;0.409782	;263.898
133	;0.78814	;0.409782	;263.898
134	;0.78814	;0.409782	;263.898
135	;0.78814	;0.409782	;263.898
136	;0.78814	;0.409782	;263.898
137	;0.78814	;0.409782	;263.898
138	;0.78814	;0.409782	;263.898
139	;0.78814	;0.409782	;263.898
140	;0.78814	;0.409782	;263.898
141	;0.78814	;0.409782	;263.898
142	;0.78814	;0.409782	;263.898
143	;0.78814	;0.409782	;263.898
144	;0.78814	;0.409782	;263.898
145	;0.78814	;0.409782	;263.898
146	;0.78814	;0.409782	;263.898
147	;0.78814	;0.409782	;263.898
148	;0.78814	;0.409782	;263.898
149	;0.78814	;0.409782	;263.898
150	;0.78814	;0.409782	;263.898

1	;0.741851	;0.566543	;266.481
2	;0.746744	;0.547677	;265.979
3	;0.746744	;0.547677	;265.979
4	;0.746744	;0.547677	;265.979
5	;0.746744	;0.547677	;265.979
6	;0.753124	;0.522704	;265.286
7	;0.753124	;0.522704	;265.286
8	;0.753124	;0.522704	;265.286
9	;0.76117	;0.498566	;265.148
10	;0.76117	;0.498566	;265.148
11	;0.794514	;0.398739	;264.597
12	;0.791957	;0.403655	;264.365
13	;0.791957	;0.403655	;264.365
14	;0.791957	;0.403655	;264.365
15	;0.792251	;0.401895	;264.272
16	;0.792251	;0.401895	;264.272
17	;0.793713	;0.394339	;263.93
18	;0.793713	;0.394339	;263.93
19	;0.793713	;0.394339	;263.93
20	;0.791116	;0.401495	;263.911
21	;0.791116	;0.401495	;263.911
22	;0.791116	;0.401495	;263.911
23	;0.791116	;0.401495	;263.911
24	;0.791116	;0.401495	;263.911
25	;0.791116	;0.401495	;263.911
26	;0.791116	;0.401495	;263.911
27	;0.791116	;0.401495	;263.911
28	;0.791116	;0.401495	;263.911
29	;0.791116	;0.401495	;263.911
30	;0.791116	;0.401495	;263.911
31	;0.791116	;0.401495	;263.911
32	;0.791116	;0.401495	;263.911
33	;0.791116	;0.401495	;263.911
34	;0.791116	;0.401495	;263.911
35	;0.791116	;0.401495	;263.911
36	;0.791116	;0.401495	;263.911
37	;0.791116	;0.401495	;263.911
38	;0.791116	;0.401495	;263.911
39	;0.791116	;0.401495	;263.911
40	;0.791116	;0.401495	;263.911
41	;0.791116	;0.401495	;263.911
42	;0.791116	;0.401495	;263.911
43	;0.791116	;0.401495	;263.911
44	;0.791116	;0.401495	;263.911
45	;0.791116	;0.401495	;263.911
46	;0.791116	;0.401495	;263.911
47	;0.791116	;0.401495	;263.911
48	;0.791116	;0.401495	;263.911
49	;0.791116	;0.401495	;263.911
50	;0.791116	;0.401495	;263.911
51	;0.791116	;0.401495	;263.911
52	;0.791116	;0.401495	;263.911
53	;0.791116	;0.401495	;263.911
54	;0.791116	;0.401495	;263.911
55	;0.791116	;0.401495	;263.911
56	;0.791116	;0.401495	;263.911
57	;0.791116	;0.401495	;263.911
58	;0.791116	;0.401495	;263.911
59	;0.791116	;0.401495	;263.911
60	;0.791116	;0.401495	;263.911
61	;0.791116	;0.401495	;263.911
62	;0.791116	;0.401495	;263.911
63	;0.791116	;0.401495	;263.911
64	;0.791116	;0.401495	;263.911
65	;0.791116	;0.401495	;263.911
66	;0.791116	;0.401495	;263.911
67	;0.791116	;0.401495	;263.911
68	;0.791116	;0.401495	;263.911
69	;0.791116	;0.401495	;263.911
70	;0.791116	;0.401495	;263.911
71	;0.791116	;0.401495	;263.911
72	;0.791116	;0.401495	;263.911
73	;0.791116	;0.401495	;263.911
74	;0.791116	;0.401495	;263.911
75	;0.791116	;0.401495	;263.911
76	;0.791116	;0.401495	;263.911
77	;0.791116	;0.401495	;263.911
78	;0.791116	;0.401495	;263.911
79	;0.791116	;0.401495	;263.911
80	;0.791116	;0.401495	;263.911
81	;0.791116	;0.401495	;263.911
82	;0.791116	;0.401495	;263.911
83	;0.791116	;0.401495	;263.911
84	;0.791116	;0.401495	;263.911
85	;0.791116	;0.401495	;263.911
86	;0.791116	;0.401495	;263.911
87	;0.791116	;0.401495	;263.911
88	;0.791116	;0.401495	;263.911
89	;0.791116	;0.401495	;263.911
90	;0.791116	;0.401495	;263.911
91	;0.791116	;0.401495	;263.911
92	;0.791116	;0.401495	;263.911
93	;0.791116	;0.401495	;263.911
94	;0.791116	;0.401495	;263.911
95	;0.791116	;0.401495	;263.911
96	;0.791116	;0.401495	;263.911
97	;0.791116	;0.401495	;263.911
98	;0.791116	;0.401495	;263.911
99	;0.791116	;0.401495	;263.911
100	;0.791116	;0.401495	;263.911
101	;0.791116	;0.401495	;263.911
102	;0.791116	;0.401495	;263.911
103	;0.791116	;0.401495	;263.911
104	;0.791116	;0.401495	;263.911
105	;0.791116	;0.401495	;263.911
106	;0.791116	;0.401495	;263.911
107	;0.791116	;0.401495	;263.911
108	;0.791116	;0.401495	;263.911
109	;0.791116	;0.401495	;263.911
110	;0.791116	;0.401495	;263.911
111	;0.791116	;0.401495	;263.911
112	;0.791116	;0.401495	;263.911
113	;0.791116	;0.401495	;263.911
114	;0.791116	;0.401495	;263.911
115	;0.791116	;0.401495	;263.911
116	;0.791116	;0.401495	;263.911
117	;0.791116	;0.401495	;263.911
118	;0.791116	;0.401495	;263.911
119	;0.791116	;0.401495	;263.911
120	;0.791116	;0.401495	;263.911
121	;0.791116	;0.401495	;263.911
122	;0.791116	;0.401495	;263.911
123	;0.791116	;0.401495	;263.911
124	;0.791116	;0.401495	;263.911
125	;0.791116	;0.401495	;263.911
126	;0.791116	;0.401495	;263.911
127	;0.791116	;0.401495	;263.911
128	;0.791116	;0.401495	;263.911
129	;0.791116	;0.401495	;263.911
130	;0.791116	;0.401495	;263.911
131	;0.791116	;0.401495	;263.911
132	;0.791116	;0.401495	;263.911
133	;0.791116	;0.401495	;263.911
134	;0.791116	;0.401495	;263.911
135	;0.791116	;0.401495	;263.911
136	;0.791116	;0.401495	;263.911
137	;0.791116	;0.401495	;263.911
138	;0.791116	;0.401495	;263.911
139	;0.791116	;0.401495	;263.911
140	;0.791116	;0.401495	;263.911
141	;0.791116	;0.401495	;263.911
142	;0.791116	;0.401495	;263.911
143	;0.791116	;0.401495	;263.911
144	;0.791116	;0.401495	;263.911
145	;0.791116	;0.401495	;263.911
146	;0.791116	;0.401495	;263.911
147	;0.791116	;0.401495	;263.911
148	;0.791116	;0.401495	;263.911
149	;0.791116	;0.401495	;263.911
150	;0.791116	;0.401495	;263.911

1	;-0.20161	;-0.341138	;3.39605
2	;-0.20161	;-0.341138	;3.39605
3	;-0.20161	;-0.341138	;3.39605
4	;-0.20161	;-0.341138	;3.39605
5	;0.327367	;0.088352	;1.40378
6	;0.327367	;0.088352	;1.40378
7	;0.883642	;0.0914175	;0.407766
8	;0.883642	;0.0914175	;0.407766
9	;0.883642	;0.0914175	;0.407766
10	;0.883642	;0.0914175	;0.407766
11	;0.883642	;0.0914175	;0.407766
12	;0.883642	;0.0914175	;0.407766
13	;0.883642	;0.0914175	;0.407766
14	;0.883642	;0.0914175	;0.407766
15	;0.883642	;0.0914175	;0.407766
16	;0.883642	;0.0914175	;0.407766
17	;0.883642	;0.0914175	;0.407766
18	;0.883642	;0.0914175	;0.407766
19	;0.883642	;0.0914175	;0.407766
20	;0.883642	;0.0914175	;0.407766
21	;0.883642	;0.0914175	;0.407766
22	;0.883642	;0.0914175	;0.407766
23	;0.883642	;0.0914175	;0.407766
24	;0.883642	;0.0914175	;0.407766
25	;0.883642	;0.0914175	;0.407766
26	;0.883642	;0.0914175	;0.407766
27	;0.883642	;0.0914175	;0.407766
28	;0.883642	;0.0914175	;0.407766
29	;0.883642	;0.0914175	;0.407766
30	;0.883642	;0.0914175	;0.407766
31	;0.883642	;0.0914175	;0.407766
32	;0.978211	;-0.0109396	;0.340416
33	;0.978211	;-0.0109396	;0.340416
34	;0.978211	;-0.0109396	;0.340416
35	;0.978211	;-0.0109396	;0.340416
36	;0.978211	;-0.0109396	;0.340416
37	;0.978211	;-0.0109396	;0.340416
38	;0.978211	;-0.0109396	;0.340416
39	;0.978211	;-0.0109396	;0.340416
40	;0.978211	;-0.0109396	;0.340416
41	;0.978211	;-0.0109396	;0.340416
